parent,child,Count,Growth_Rate,Type
,Bibb,633,0.4781574413823364,Overall
Bibb,HiTech,22,0.32085265978727606,Sector
Bibb,Agriculture,74,0.06983266419742706,Sector
Bibb,Transportation,67,0.26878438264782767,Sector
Bibb,Consumer_Products,62,0.5784006992266141,Sector
Bibb,Unassigned,67,0.8855072482112846,Sector
Bibb,Communication,1,0.36000107082723287,Sector
Bibb,Trade,72,0.20466660239083112,Sector
Bibb,Business_Services,87,0.9216001094027952,Sector
Bibb,Business_Products,18,0.687761713177077,Sector
Bibb,Construction,34,0.015676048366271345,Sector
Bibb,Services,9,0.6298630780258654,Sector
Bibb,Mining,1,0.4298956185161118,Sector
Bibb,Health_Care,20,0.6079967302331186,Sector
Bibb,EnergyExpL_Prod,81,0.49452857938553163,Sector
Bibb,Utilities,18,0.6969944163397811,Sector
