parent,child,Count,Growth_Rate,Type
,Clay,791,0.5431976145034344,Overall
Clay,HiTech,75,0.9071686401197838,Sector
Clay,Agriculture,92,0.7711229878471866,Sector
Clay,Transportation,52,0.15563762360786104,Sector
Clay,Consumer_Products,79,0.9465232971136057,Sector
Clay,Unassigned,87,0.48895876856034126,Sector
Clay,Communication,3,0.103398439146838,Sector
Clay,Trade,38,0.9320332734411387,Sector
Clay,Business_Services,39,0.5989256598932058,Sector
Clay,Business_Products,26,0.46603268708799683,Sector
Clay,Construction,93,0.4692689620648458,Sector
Clay,Services,85,0.5422580870233171,Sector
Clay,Mining,48,0.14603557039728265,Sector
Clay,Health_Care,6,0.8526692641669347,Sector
Clay,EnergyExpL_Prod,30,0.719160270554222,Sector
Clay,Utilities,38,0.04877068652695793,Sector
