parent,child,Count,Growth_Rate,Type
,Coosa,829,0.4743632790302127,Overall
Coosa,HiTech,76,0.2697531405731006,Sector
Coosa,Agriculture,37,0.8506360696162946,Sector
Coosa,Transportation,99,0.05814181785068029,Sector
Coosa,Consumer_Products,18,0.9143494207410527,Sector
Coosa,Unassigned,65,0.022753993313636034,Sector
Coosa,Communication,33,0.923726343652297,Sector
Coosa,Trade,13,0.26404608327254964,Sector
Coosa,Business_Services,54,0.7536109397776138,Sector
Coosa,Business_Products,4,0.09653000500865483,Sector
Coosa,Construction,27,0.6815394621991073,Sector
Coosa,Services,86,0.07786787293581499,Sector
Coosa,Mining,93,0.9819922353255429,Sector
Coosa,Health_Care,79,0.44013284045951795,Sector
Coosa,EnergyExpL_Prod,84,0.35724885742778256,Sector
Coosa,Utilities,61,0.42312010329954597,Sector
