parent,child,Count,Growth_Rate,Type
,Dale,824,0.6796400276993679,Overall
Dale,HiTech,83,0.465772095369426,Sector
Dale,Agriculture,88,0.6014950027946593,Sector
Dale,Transportation,2,0.7468203310902936,Sector
Dale,Consumer_Products,40,0.4170829491500265,Sector
Dale,Unassigned,13,0.5445027083353484,Sector
Dale,Communication,67,0.9731154596613785,Sector
Dale,Trade,1,0.6115113805949267,Sector
Dale,Business_Services,69,0.7943353855034868,Sector
Dale,Business_Products,35,0.6463624240460052,Sector
Dale,Construction,88,0.7765228338495236,Sector
Dale,Services,60,0.9235098585892803,Sector
Dale,Mining,8,0.5430080930683794,Sector
Dale,Health_Care,98,0.6528633944359963,Sector
Dale,EnergyExpL_Prod,83,0.7300219476606541,Sector
Dale,Utilities,89,0.7676765513411352,Sector
