parent,child,Count,Growth_Rate,Type
,Hale,601,0.44176832643521574,Overall
Hale,HiTech,45,0.6693127922885028,Sector
Hale,Agriculture,42,0.35905975365152265,Sector
Hale,Transportation,91,0.6261394109062073,Sector
Hale,Consumer_Products,6,0.982099022832355,Sector
Hale,Unassigned,15,0.1399024107126261,Sector
Hale,Communication,11,0.907864399109974,Sector
Hale,Trade,64,0.26774497959742005,Sector
Hale,Business_Services,34,0.12606665445866683,Sector
Hale,Business_Products,13,0.21431050415204334,Sector
Hale,Construction,67,0.3680796677023159,Sector
Hale,Services,25,0.4977475543849178,Sector
Hale,Mining,42,0.007445444668765622,Sector
Hale,Health_Care,16,0.528227210956495,Sector
Hale,EnergyExpL_Prod,75,0.7472263422294934,Sector
Hale,Utilities,55,0.18529874887693165,Sector
