parent,child,Count,Growth_Rate,Type
,Lamar,705,0.44795018075907694,Overall
Lamar,HiTech,42,0.38387796479840597,Sector
Lamar,Agriculture,29,0.01148429137353657,Sector
Lamar,Transportation,3,0.21350536146944044,Sector
Lamar,Consumer_Products,26,0.5711838095661455,Sector
Lamar,Unassigned,63,0.11649007416033907,Sector
Lamar,Communication,11,0.7019557973655637,Sector
Lamar,Trade,73,0.8554634193123707,Sector
Lamar,Business_Services,92,0.14011329736509748,Sector
Lamar,Business_Products,30,0.15638934044799646,Sector
Lamar,Construction,2,0.5971121368771567,Sector
Lamar,Services,9,0.9973769055273407,Sector
Lamar,Mining,62,0.3561189790775734,Sector
Lamar,Health_Care,92,0.04543485864797325,Sector
Lamar,EnergyExpL_Prod,81,0.9899005701948317,Sector
Lamar,Utilities,90,0.5828459052023834,Sector
