parent,child,Count,Growth_Rate,Type
,Lee,842,0.4893120348550253,Overall
Lee,HiTech,99,0.813070959360952,Sector
Lee,Agriculture,57,0.2894888224597354,Sector
Lee,Transportation,69,0.3831604488666688,Sector
Lee,Consumer_Products,6,0.03732937218897947,Sector
Lee,Unassigned,47,0.4402296979618855,Sector
Lee,Communication,1,0.24829777614714366,Sector
Lee,Trade,76,0.6584873760446202,Sector
Lee,Business_Services,51,0.04216629859749954,Sector
Lee,Business_Products,53,0.9569489388324056,Sector
Lee,Construction,68,0.5169897039190251,Sector
Lee,Services,81,0.9507378454937228,Sector
Lee,Mining,15,0.3204242315580711,Sector
Lee,Health_Care,87,0.13218792923403022,Sector
Lee,EnergyExpL_Prod,33,0.7476840231999904,Sector
Lee,Utilities,99,0.8024770989606477,Sector
