parent,child,Count,Growth_Rate,Type
,Pike,620,0.4349254143447509,Overall
Pike,HiTech,41,0.7853236054925506,Sector
Pike,Agriculture,2,0.3996050640800193,Sector
Pike,Transportation,87,0.2591846535419414,Sector
Pike,Consumer_Products,83,0.9433476956919451,Sector
Pike,Unassigned,42,0.3277177059312302,Sector
Pike,Communication,45,0.08700694446347834,Sector
Pike,Trade,22,0.32590481963785345,Sector
Pike,Business_Services,7,0.8524474189180327,Sector
Pike,Business_Products,88,0.4149764463130824,Sector
Pike,Construction,5,0.6463908444215504,Sector
Pike,Services,17,0.16260523942436012,Sector
Pike,Mining,2,0.4695053232304597,Sector
Pike,Health_Care,47,0.09451555161596903,Sector
Pike,EnergyExpL_Prod,70,0.7069690730315704,Sector
Pike,Utilities,62,0.04838082937721899,Sector
