parent,child,Count,Growth_Rate,Type
,Gila,609,0.5309027511612211,Overall
Gila,HiTech,19,0.39377309976874464,Sector
Gila,Agriculture,71,0.3665345815015192,Sector
Gila,Transportation,89,0.8901053304985748,Sector
Gila,Consumer_Products,16,0.1341128672133023,Sector
Gila,Unassigned,88,0.008116034549984108,Sector
Gila,Communication,30,0.45276308427577794,Sector
Gila,Trade,27,0.4849242721097309,Sector
Gila,Business_Services,38,0.2756416422822622,Sector
Gila,Business_Products,97,0.8476588048133566,Sector
Gila,Construction,1,0.8269619076411845,Sector
Gila,Services,4,0.6741547828720534,Sector
Gila,Mining,66,0.8522029220324432,Sector
Gila,Health_Care,37,0.7156472289145221,Sector
Gila,EnergyExpL_Prod,25,0.506528469111514,Sector
Gila,Utilities,1,0.5344162398333484,Sector
