parent,child,Count,Growth_Rate,Type
,Pima,767,0.5197686337874569,Overall
Pima,HiTech,27,0.4556898733347152,Sector
Pima,Agriculture,90,0.4327424276837679,Sector
Pima,Transportation,83,0.642937227642551,Sector
Pima,Consumer_Products,65,0.5140365980747731,Sector
Pima,Unassigned,61,0.3089644511129275,Sector
Pima,Communication,10,0.8591318830712236,Sector
Pima,Trade,57,0.8112519697688838,Sector
Pima,Business_Services,84,0.4883808984493059,Sector
Pima,Business_Products,20,0.43639821116313693,Sector
Pima,Construction,88,0.44993039000278456,Sector
Pima,Services,82,0.8317233797743555,Sector
Pima,Mining,8,0.8226110420502816,Sector
Pima,Health_Care,10,0.4681810768565361,Sector
Pima,EnergyExpL_Prod,56,0.08552640166558434,Sector
Pima,Utilities,26,0.1890236761610259,Sector
