parent,child,Count,Growth_Rate,Type
,Pinal,843,0.3962322341708001,Overall
Pinal,HiTech,27,0.14242272370132514,Sector
Pinal,Agriculture,63,0.2940765004200647,Sector
Pinal,Transportation,92,0.1622749542531533,Sector
Pinal,Consumer_Products,94,0.1742163334543565,Sector
Pinal,Unassigned,79,0.5433811622034785,Sector
Pinal,Communication,58,0.2421516324904407,Sector
Pinal,Trade,80,0.038616472827424975,Sector
Pinal,Business_Services,88,0.7346086897035851,Sector
Pinal,Business_Products,42,0.901228213075401,Sector
Pinal,Construction,12,0.403993924647455,Sector
Pinal,Services,68,0.5175349687817431,Sector
Pinal,Mining,34,0.03704783868272021,Sector
Pinal,Health_Care,32,0.002529013666015878,Sector
Pinal,EnergyExpL_Prod,39,0.7564929675372837,Sector
Pinal,Utilities,35,0.9929081171175534,Sector
