parent,child,Count,Growth_Rate,Type
,Yuma,685,0.4679674995477522,Overall
Yuma,HiTech,97,0.676027372374087,Sector
Yuma,Agriculture,92,0.764743900474036,Sector
Yuma,Transportation,42,0.7613573224017239,Sector
Yuma,Consumer_Products,3,0.19874906257282388,Sector
Yuma,Unassigned,37,0.962486012554104,Sector
Yuma,Communication,44,0.5076720762432184,Sector
Yuma,Trade,65,0.09169809464065692,Sector
Yuma,Business_Services,75,0.27281537685727086,Sector
Yuma,Business_Products,11,0.18470302791405724,Sector
Yuma,Construction,24,0.037592208897741064,Sector
Yuma,Services,51,0.4495395398829153,Sector
Yuma,Mining,15,0.663155511088152,Sector
Yuma,Health_Care,98,0.14249954966585243,Sector
Yuma,EnergyExpL_Prod,23,0.4030627349722474,Sector
Yuma,Utilities,8,0.9034107026773965,Sector
