parent,child,Count,Growth_Rate,Type
,Boone,806,0.4632923470869537,Overall
Boone,HiTech,12,0.11651842982495297,Sector
Boone,Agriculture,81,0.5746934776115978,Sector
Boone,Transportation,50,0.16122138623274984,Sector
Boone,Consumer_Products,5,0.7608547750664513,Sector
Boone,Unassigned,44,0.41209598374071554,Sector
Boone,Communication,84,0.057237331717875484,Sector
Boone,Trade,53,0.09263026370796945,Sector
Boone,Business_Services,42,0.7287664746487763,Sector
Boone,Business_Products,1,0.9862021983374148,Sector
Boone,Construction,75,0.10448196165074308,Sector
Boone,Services,92,0.9116712618736942,Sector
Boone,Mining,54,0.7671628312802022,Sector
Boone,Health_Care,79,0.6819665796827327,Sector
Boone,EnergyExpL_Prod,37,0.29097795199694665,Sector
Boone,Utilities,97,0.3029042989314823,Sector
