parent,child,Count,Growth_Rate,Type
,Clay,699,0.4331763909548484,Overall
Clay,HiTech,66,0.024522363576075734,Sector
Clay,Agriculture,4,0.8222436134926675,Sector
Clay,Transportation,77,0.17265301488624285,Sector
Clay,Consumer_Products,92,0.7847140994457653,Sector
Clay,Unassigned,85,0.929641814481807,Sector
Clay,Communication,11,0.17101622817669493,Sector
Clay,Trade,7,0.7183543222373291,Sector
Clay,Business_Services,33,0.6046907587536288,Sector
Clay,Business_Products,15,0.36665620538805643,Sector
Clay,Construction,68,0.13738270651664497,Sector
Clay,Services,26,0.021632260142298354,Sector
Clay,Mining,85,0.4205901995948439,Sector
Clay,Health_Care,79,0.7544575836224114,Sector
Clay,EnergyExpL_Prod,1,0.20208485841474833,Sector
Clay,Utilities,50,0.3670058355935113,Sector
