parent,child,Count,Growth_Rate,Type
,Cross,672,0.4523859341453051,Overall
Cross,HiTech,3,0.08339498047700389,Sector
Cross,Agriculture,29,0.1926223051841638,Sector
Cross,Transportation,27,0.8853751874606047,Sector
Cross,Consumer_Products,4,0.1153317182397271,Sector
Cross,Unassigned,85,0.5995659970930683,Sector
Cross,Communication,58,0.7632847406548884,Sector
Cross,Trade,63,0.35785709731135784,Sector
Cross,Business_Services,22,0.5622795078093458,Sector
Cross,Business_Products,14,0.41346437844039696,Sector
Cross,Construction,60,0.10707162304449569,Sector
Cross,Services,61,0.5277764286873455,Sector
Cross,Mining,16,0.10575288619927714,Sector
Cross,Health_Care,82,0.8450135270811762,Sector
Cross,EnergyExpL_Prod,69,0.26768803184353873,Sector
Cross,Utilities,79,0.9593106026531865,Sector
