parent,child,Count,Growth_Rate,Type
,Desha,796,0.26116207509709677,Overall
Desha,HiTech,79,0.6905553799036306,Sector
Desha,Agriculture,84,0.08433548159718451,Sector
Desha,Transportation,42,0.01830212568631695,Sector
Desha,Consumer_Products,13,0.213868474009401,Sector
Desha,Unassigned,96,0.0038618543157710183,Sector
Desha,Communication,80,0.1350853543279672,Sector
Desha,Trade,68,0.35191084504682224,Sector
Desha,Business_Services,72,0.2702684652800048,Sector
Desha,Business_Products,16,0.02489884765720296,Sector
Desha,Construction,15,0.7193563191455645,Sector
Desha,Services,49,0.63772149948105,Sector
Desha,Mining,70,0.2517360440828318,Sector
Desha,Health_Care,7,0.2875794113046294,Sector
Desha,EnergyExpL_Prod,67,0.22343957472267362,Sector
Desha,Utilities,38,0.004511449895401309,Sector
