parent,child,Count,Growth_Rate,Type
,Drew,719,0.47483287572469624,Overall
Drew,HiTech,18,0.9549743986286622,Sector
Drew,Agriculture,25,0.25139727515136756,Sector
Drew,Transportation,73,0.5790629249427974,Sector
Drew,Consumer_Products,66,0.052035125199682786,Sector
Drew,Unassigned,23,0.4157401281552744,Sector
Drew,Communication,69,0.9049014881611995,Sector
Drew,Trade,41,0.15759880997292786,Sector
Drew,Business_Services,83,0.016621142231589947,Sector
Drew,Business_Products,10,0.8863930390326136,Sector
Drew,Construction,38,0.08378885737999864,Sector
Drew,Services,86,0.9273848643336073,Sector
Drew,Mining,88,0.2403498196901357,Sector
Drew,Health_Care,78,0.5349938553202108,Sector
Drew,EnergyExpL_Prod,8,0.19262697007623542,Sector
Drew,Utilities,13,0.9246244375941405,Sector
