parent,child,Count,Growth_Rate,Type
,Pike,923,0.7066208475372712,Overall
Pike,HiTech,82,0.6832870620869161,Sector
Pike,Agriculture,83,0.7266442807108947,Sector
Pike,Transportation,14,0.6185575026888597,Sector
Pike,Consumer_Products,97,0.9675787273569776,Sector
Pike,Unassigned,24,0.8639500665304034,Sector
Pike,Communication,87,0.8216677688268672,Sector
Pike,Trade,76,0.014626195335732617,Sector
Pike,Business_Services,92,0.8999042625527054,Sector
Pike,Business_Products,3,0.2617407931545517,Sector
Pike,Construction,94,0.7287550650324254,Sector
Pike,Services,45,0.5725465153267371,Sector
Pike,Mining,94,0.8778465138694652,Sector
Pike,Health_Care,14,0.8977845089296668,Sector
Pike,EnergyExpL_Prod,76,0.9660184628451839,Sector
Pike,Utilities,42,0.6984049878116818,Sector
