parent,child,Count,Growth_Rate,Type
,Pope,718,0.4966882480737686,Overall
Pope,HiTech,10,0.9706597251174894,Sector
Pope,Agriculture,18,0.7014094320930607,Sector
Pope,Transportation,22,0.6161350269806629,Sector
Pope,Consumer_Products,57,0.24372853117686033,Sector
Pope,Unassigned,72,0.9255112919560884,Sector
Pope,Communication,54,0.7051264973828772,Sector
Pope,Trade,85,0.5132291851072038,Sector
Pope,Business_Services,94,0.4235005589675581,Sector
Pope,Business_Products,60,0.5755144448640993,Sector
Pope,Construction,14,0.21229166991747506,Sector
Pope,Services,90,0.08776274656276972,Sector
Pope,Mining,11,0.42383921422750814,Sector
Pope,Health_Care,89,0.389718649267749,Sector
Pope,EnergyExpL_Prod,15,0.4390522017258083,Sector
Pope,Utilities,27,0.22284454575931978,Sector
