parent,child,Count,Growth_Rate,Type
,Polk,774,0.4233164551645838,Overall
Polk,HiTech,67,0.009715843898190801,Sector
Polk,Agriculture,17,0.6937091206327655,Sector
Polk,Transportation,80,0.5285076813157921,Sector
Polk,Consumer_Products,33,0.15563260378672994,Sector
Polk,Unassigned,38,0.8173175952957562,Sector
Polk,Communication,35,0.6549094087860025,Sector
Polk,Trade,85,0.40508052534987404,Sector
Polk,Business_Services,60,0.32742371572910944,Sector
Polk,Business_Products,39,0.5804454972375211,Sector
Polk,Construction,42,0.29419919409972894,Sector
Polk,Services,55,0.16567835235980832,Sector
Polk,Mining,87,0.24186428092847934,Sector
Polk,Health_Care,0,0.5596713584626293,Sector
Polk,EnergyExpL_Prod,42,0.6941417709705343,Sector
Polk,Utilities,94,0.22144987861583487,Sector
