parent,child,Count,Growth_Rate,Type
,Scott,850,0.42523400348850876,Overall
Scott,HiTech,76,0.882981990294339,Sector
Scott,Agriculture,48,0.5709900070415639,Sector
Scott,Transportation,77,0.0696362052889572,Sector
Scott,Consumer_Products,57,0.05083738890800216,Sector
Scott,Unassigned,42,0.8354563109910144,Sector
Scott,Communication,51,0.22769472474708452,Sector
Scott,Trade,63,0.43848947225460977,Sector
Scott,Business_Services,77,0.7245384891898262,Sector
Scott,Business_Products,55,0.25290861164673406,Sector
Scott,Construction,49,0.23126749734427998,Sector
Scott,Services,65,0.5991273460241872,Sector
Scott,Mining,43,0.8484462956885988,Sector
Scott,Health_Care,41,0.16744002560487803,Sector
Scott,EnergyExpL_Prod,34,0.19618068655569454,Sector
Scott,Utilities,72,0.28251500074786173,Sector
