parent,child,Count,Growth_Rate,Type
,Union,844,0.38225672497299734,Overall
Union,HiTech,47,0.11714512793413745,Sector
Union,Agriculture,7,0.355823202580718,Sector
Union,Transportation,87,0.11373090604970548,Sector
Union,Consumer_Products,11,0.4349332182740372,Sector
Union,Unassigned,18,0.20179441453625857,Sector
Union,Communication,84,0.3016700090227046,Sector
Union,Trade,45,0.6967007528543567,Sector
Union,Business_Services,95,0.5049758371512464,Sector
Union,Business_Products,48,0.08485147009433991,Sector
Union,Construction,63,0.09623694770741942,Sector
Union,Services,45,0.8732804570690909,Sector
Union,Mining,68,0.6653742014007843,Sector
Union,Health_Care,86,0.5777413020883884,Sector
Union,EnergyExpL_Prod,94,0.04029370563073664,Sector
Union,Utilities,46,0.669299322201036,Sector
