parent,child,Count,Growth_Rate,Type
,Sharp,562,0.4678533603909484,Overall
Sharp,HiTech,8,0.24165039805953625,Sector
Sharp,Agriculture,17,0.7718499037573385,Sector
Sharp,Transportation,85,0.6367950072818459,Sector
Sharp,Consumer_Products,25,0.3924882675805499,Sector
Sharp,Unassigned,80,0.5653551936105435,Sector
Sharp,Communication,18,0.9783033712350949,Sector
Sharp,Trade,10,0.6202362603286028,Sector
Sharp,Business_Services,10,0.709944951523587,Sector
Sharp,Business_Products,81,0.48200579698198043,Sector
Sharp,Construction,47,0.14186347881132022,Sector
Sharp,Services,51,0.49767466292418283,Sector
Sharp,Mining,55,0.5117493333735679,Sector
Sharp,Health_Care,13,0.23863689803621324,Sector
Sharp,EnergyExpL_Prod,59,0.10718033769975277,Sector
Sharp,Utilities,3,0.12206654466010913,Sector
