parent,child,Count,Growth_Rate,Type
,Yell,604,0.5584920719838631,Overall
Yell,HiTech,31,0.5887331348063298,Sector
Yell,Agriculture,5,0.7094258875008101,Sector
Yell,Transportation,19,0.34192136291551756,Sector
Yell,Consumer_Products,49,0.2690856267964623,Sector
Yell,Unassigned,68,0.8418609836117235,Sector
Yell,Communication,21,0.2742726905146603,Sector
Yell,Trade,24,0.9632225865791195,Sector
Yell,Business_Services,87,0.8005122120263007,Sector
Yell,Business_Products,33,0.8946431123971604,Sector
Yell,Construction,63,0.8759811662577968,Sector
Yell,Services,43,0.18229294440443122,Sector
Yell,Mining,53,0.7068422362719855,Sector
Yell,Health_Care,39,0.2370414123584924,Sector
Yell,EnergyExpL_Prod,36,0.630165169424507,Sector
Yell,Utilities,33,0.06138055389264774,Sector
