parent,child,Count,Growth_Rate,Type
,Inyo,684,0.5524163676997406,Overall
Inyo,HiTech,74,0.6952729102506817,Sector
Inyo,Agriculture,46,0.2133909731264526,Sector
Inyo,Transportation,91,0.9921271863928997,Sector
Inyo,Consumer_Products,54,0.21105952721005128,Sector
Inyo,Unassigned,17,0.9943854476763119,Sector
Inyo,Communication,47,0.9834599675875028,Sector
Inyo,Trade,74,0.7257898010118958,Sector
Inyo,Business_Services,5,0.5625512914596158,Sector
Inyo,Business_Products,71,0.3881534948406935,Sector
Inyo,Construction,9,0.3395975367402264,Sector
Inyo,Services,53,0.12779459833897522,Sector
Inyo,Mining,28,0.3930106776454555,Sector
Inyo,Health_Care,13,0.29355941237536076,Sector
Inyo,EnergyExpL_Prod,84,0.8319218859545495,Sector
Inyo,Utilities,18,0.5341708048854343,Sector
