parent,child,Count,Growth_Rate,Type
,Kern,978,0.4062163452532125,Overall
Kern,HiTech,48,0.3492135743154049,Sector
Kern,Agriculture,81,0.6855728194718271,Sector
Kern,Transportation,37,0.2929379988226163,Sector
Kern,Consumer_Products,32,0.7290913156700012,Sector
Kern,Unassigned,17,0.4624184837410308,Sector
Kern,Communication,98,0.004538182772696131,Sector
Kern,Trade,94,0.13695493704810258,Sector
Kern,Business_Services,31,0.2541236461701364,Sector
Kern,Business_Products,65,0.0991577371058544,Sector
Kern,Construction,95,0.589882618240834,Sector
Kern,Services,99,0.38347957249877096,Sector
Kern,Mining,34,0.5897456414155589,Sector
Kern,Health_Care,87,0.9683928712096045,Sector
Kern,EnergyExpL_Prod,93,0.5361704788392667,Sector
Kern,Utilities,67,0.011565301476482603,Sector
