parent,child,Count,Growth_Rate,Type
,Lake,840,0.45821934554508703,Overall
Lake,HiTech,89,0.1863887415011205,Sector
Lake,Agriculture,78,0.5043543152696621,Sector
Lake,Transportation,10,0.4129435021626223,Sector
Lake,Consumer_Products,82,0.34299527813014785,Sector
Lake,Unassigned,61,0.06622027880177883,Sector
Lake,Communication,31,0.38356489093624524,Sector
Lake,Trade,47,0.8647983951608738,Sector
Lake,Business_Services,40,0.2256252846994773,Sector
Lake,Business_Products,65,0.43232687320759333,Sector
Lake,Construction,65,0.6118500792229296,Sector
Lake,Services,84,0.7604307493462988,Sector
Lake,Mining,78,0.39476560547072415,Sector
Lake,Health_Care,10,0.2701834225234483,Sector
Lake,EnergyExpL_Prod,95,0.9579904552207309,Sector
Lake,Utilities,5,0.45885231152265193,Sector
