parent,child,Count,Growth_Rate,Type
,Marin,745,0.4481197197828465,Overall
Marin,HiTech,78,0.21445255277661057,Sector
Marin,Agriculture,32,0.6772090641500121,Sector
Marin,Transportation,4,0.9111317808254691,Sector
Marin,Consumer_Products,31,0.09204323382589408,Sector
Marin,Unassigned,77,0.808682847209915,Sector
Marin,Communication,50,0.27702605941140124,Sector
Marin,Trade,67,0.535395597307522,Sector
Marin,Business_Services,56,0.012360370050990888,Sector
Marin,Business_Products,43,0.8371271104254863,Sector
Marin,Construction,21,0.4347647940231846,Sector
Marin,Services,66,0.6549829216386299,Sector
Marin,Mining,13,0.6570199492327392,Sector
Marin,Health_Care,72,0.5003732041847333,Sector
Marin,EnergyExpL_Prod,85,0.043791249244012675,Sector
Marin,Utilities,50,0.06543506243609576,Sector
