parent,child,Count,Growth_Rate,Type
,Napa,702,0.4424257361205019,Overall
Napa,HiTech,17,0.29848124079458227,Sector
Napa,Agriculture,37,0.7921021822780885,Sector
Napa,Transportation,90,0.33454138183518134,Sector
Napa,Consumer_Products,15,0.5211478519126124,Sector
Napa,Unassigned,17,0.23695924175966943,Sector
Napa,Communication,90,0.2469425388767572,Sector
Napa,Trade,4,0.1105671610731318,Sector
Napa,Business_Services,23,0.32953925952152885,Sector
Napa,Business_Products,56,0.2851499351872797,Sector
Napa,Construction,95,0.17109804555258412,Sector
Napa,Services,49,0.5684881865544864,Sector
Napa,Mining,90,0.6542039694251677,Sector
Napa,Health_Care,63,0.43211305632223973,Sector
Napa,EnergyExpL_Prod,37,0.9349563343842097,Sector
Napa,Utilities,19,0.7200956563300096,Sector
