parent,child,Count,Growth_Rate,Type
,Yolo,755,0.43545590155757263,Overall
Yolo,HiTech,22,0.42679134175214184,Sector
Yolo,Agriculture,76,0.5031171821445525,Sector
Yolo,Transportation,76,0.15281924184000273,Sector
Yolo,Consumer_Products,13,0.2724912671306444,Sector
Yolo,Unassigned,48,0.359248763597961,Sector
Yolo,Communication,70,0.5352746341962624,Sector
Yolo,Trade,53,0.855759525495229,Sector
Yolo,Business_Services,43,0.9058649995159386,Sector
Yolo,Business_Products,79,0.8519133122583723,Sector
Yolo,Construction,72,0.12984372093044816,Sector
Yolo,Services,30,0.47616861987788117,Sector
Yolo,Mining,16,0.3158632896229556,Sector
Yolo,Health_Care,49,0.3580115439193754,Sector
Yolo,EnergyExpL_Prod,71,0.03927236597746808,Sector
Yolo,Utilities,37,0.3493987151043554,Sector
