parent,child,Count,Growth_Rate,Type
,Baca,658,0.5093460188211443,Overall
Baca,HiTech,45,0.17373196650421907,Sector
Baca,Agriculture,30,0.4099934828048507,Sector
Baca,Transportation,10,0.8557772644859047,Sector
Baca,Consumer_Products,80,0.4798383328175897,Sector
Baca,Unassigned,45,0.5950634619847681,Sector
Baca,Communication,42,0.42990862189155565,Sector
Baca,Trade,65,0.23341237846516405,Sector
Baca,Business_Services,82,0.7752864651082657,Sector
Baca,Business_Products,17,0.7223169217195504,Sector
Baca,Construction,8,0.41972093026792867,Sector
Baca,Services,80,0.15251091114214121,Sector
Baca,Mining,32,0.4004643233355627,Sector
Baca,Health_Care,20,0.87769264239927,Sector
Baca,EnergyExpL_Prod,79,0.7235069208305575,Sector
Baca,Utilities,23,0.390965658559836,Sector
