parent,child,Count,Growth_Rate,Type
,Bent,793,0.5042986079431694,Overall
Bent,HiTech,21,0.039808375166785814,Sector
Bent,Agriculture,80,0.9491881833865995,Sector
Bent,Transportation,17,0.5540854462679111,Sector
Bent,Consumer_Products,81,0.06851019215466092,Sector
Bent,Unassigned,33,0.43546986435598956,Sector
Bent,Communication,57,0.8743350416554349,Sector
Bent,Trade,62,0.7406208601344032,Sector
Bent,Business_Services,50,0.6285802929683472,Sector
Bent,Business_Products,36,0.48639925683807117,Sector
Bent,Construction,40,0.4790917626763356,Sector
Bent,Services,62,0.23022772592790286,Sector
Bent,Mining,97,0.7524695479199276,Sector
Bent,Health_Care,45,0.4828941641851856,Sector
Bent,EnergyExpL_Prod,47,0.3055076459591236,Sector
Bent,Utilities,65,0.537290759550863,Sector
