parent,child,Count,Growth_Rate,Type
,Eagle,825,0.5233100658789633,Overall
Eagle,HiTech,80,0.9973247296221622,Sector
Eagle,Agriculture,17,0.7902894253937128,Sector
Eagle,Transportation,92,0.25761554656577856,Sector
Eagle,Consumer_Products,43,0.7208960723229684,Sector
Eagle,Unassigned,98,0.5792581832818193,Sector
Eagle,Communication,12,0.721640384849867,Sector
Eagle,Trade,77,0.22132832796223179,Sector
Eagle,Business_Services,88,0.6846338151899991,Sector
Eagle,Business_Products,74,0.06279698292406388,Sector
Eagle,Construction,43,0.6305053091268592,Sector
Eagle,Services,8,0.9524075098059739,Sector
Eagle,Mining,43,0.34492778994779827,Sector
Eagle,Health_Care,7,0.3512275694369986,Sector
Eagle,EnergyExpL_Prod,75,0.5310463418023285,Sector
Eagle,Utilities,68,0.0037529999518890467,Sector
