parent,child,Count,Growth_Rate,Type
,Lake,788,0.37989421946110663,Overall
Lake,HiTech,76,0.46571634106397464,Sector
Lake,Agriculture,63,0.4947215927800208,Sector
Lake,Transportation,77,0.1524890042642606,Sector
Lake,Consumer_Products,1,0.4927094117953449,Sector
Lake,Unassigned,53,0.012701003811424694,Sector
Lake,Communication,86,0.09130863816344592,Sector
Lake,Trade,34,0.13053259322353672,Sector
Lake,Business_Services,49,0.030030745099598244,Sector
Lake,Business_Products,79,0.3058428590442689,Sector
Lake,Construction,7,0.5647206636513534,Sector
Lake,Services,77,0.8405646735025731,Sector
Lake,Mining,77,0.2090367602860007,Sector
Lake,Health_Care,38,0.7409845855736317,Sector
Lake,EnergyExpL_Prod,63,0.37862539237161996,Sector
Lake,Utilities,8,0.788429027285546,Sector
