parent,child,Count,Growth_Rate,Type
,Kiowa,821,0.4868329646662717,Overall
Kiowa,HiTech,20,0.14930248773422183,Sector
Kiowa,Agriculture,45,0.9569922333636484,Sector
Kiowa,Transportation,18,0.8857316569631376,Sector
Kiowa,Consumer_Products,35,0.20769711052985795,Sector
Kiowa,Unassigned,95,0.2595387359365279,Sector
Kiowa,Communication,53,0.9742513462339589,Sector
Kiowa,Trade,55,0.13482700208963405,Sector
Kiowa,Business_Services,75,0.09897569759391378,Sector
Kiowa,Business_Products,78,0.6412879329097301,Sector
Kiowa,Construction,37,0.6108154459427552,Sector
Kiowa,Services,27,0.6856960543783708,Sector
Kiowa,Mining,87,0.4959514881260745,Sector
Kiowa,Health_Care,8,0.06811426168443613,Sector
Kiowa,EnergyExpL_Prod,91,0.7577059491610432,Sector
Kiowa,Utilities,97,0.37560706734676375,Sector
