parent,child,Count,Growth_Rate,Type
,Mesa,689,0.506767158208701,Overall
Mesa,HiTech,8,0.4359984775880624,Sector
Mesa,Agriculture,56,0.17789649773421545,Sector
Mesa,Transportation,2,0.4070634483199669,Sector
Mesa,Consumer_Products,78,0.6965405975103506,Sector
Mesa,Unassigned,33,0.487284393879576,Sector
Mesa,Communication,25,0.043629956036869144,Sector
Mesa,Trade,31,0.6561501296800433,Sector
Mesa,Business_Services,96,0.9816366451676527,Sector
Mesa,Business_Products,97,0.8559344584141347,Sector
Mesa,Construction,59,0.19042186097145197,Sector
Mesa,Services,89,0.6930185455751988,Sector
Mesa,Mining,14,0.8184030539884559,Sector
Mesa,Health_Care,50,0.002318110355805425,Sector
Mesa,EnergyExpL_Prod,27,0.9071347355408319,Sector
Mesa,Utilities,24,0.24807646236789838,Sector
