parent,child,Count,Growth_Rate,Type
,Logan,723,0.4284307513536644,Overall
Logan,HiTech,79,0.4144574711002066,Sector
Logan,Agriculture,78,0.5499957968761594,Sector
Logan,Transportation,82,0.7915882537725641,Sector
Logan,Consumer_Products,68,0.30232912810852086,Sector
Logan,Unassigned,30,0.19156817799633974,Sector
Logan,Communication,48,0.21026832480830981,Sector
Logan,Trade,26,0.6523511670198984,Sector
Logan,Business_Services,7,0.6745763687638483,Sector
Logan,Business_Products,12,0.4154575245933142,Sector
Logan,Construction,50,0.023321375700950386,Sector
Logan,Services,87,0.3983194958199695,Sector
Logan,Mining,31,0.04795062995394095,Sector
Logan,Health_Care,44,0.31280481725387577,Sector
Logan,EnergyExpL_Prod,16,0.4516369603437894,Sector
Logan,Utilities,65,0.9898357781932783,Sector
