parent,child,Count,Growth_Rate,Type
,Routt,766,0.41420990919833284,Overall
Routt,HiTech,28,0.6506412202046217,Sector
Routt,Agriculture,4,0.4445984308147142,Sector
Routt,Transportation,30,0.918382876100937,Sector
Routt,Consumer_Products,46,0.015245470122409066,Sector
Routt,Unassigned,86,0.19106278995717219,Sector
Routt,Communication,84,0.9844920652827156,Sector
Routt,Trade,35,0.21413100877673996,Sector
Routt,Business_Services,53,0.18791423607232594,Sector
Routt,Business_Products,98,0.18868160005643797,Sector
Routt,Construction,61,0.8945008626482355,Sector
Routt,Services,44,0.26785397453520665,Sector
Routt,Mining,97,0.43819550735763824,Sector
Routt,Health_Care,22,0.6905422143709802,Sector
Routt,EnergyExpL_Prod,18,0.012181929921847301,Sector
Routt,Utilities,60,0.11472445175301038,Sector
