parent,child,Count,Growth_Rate,Type
,Weld,851,0.3615421235865409,Overall
Weld,HiTech,49,0.15060458415767064,Sector
Weld,Agriculture,99,0.9546172613124544,Sector
Weld,Transportation,56,0.2056870430229888,Sector
Weld,Consumer_Products,3,0.7017609899205353,Sector
Weld,Unassigned,73,0.024278061601476497,Sector
Weld,Communication,9,0.10179499566535555,Sector
Weld,Trade,46,0.9886379701052541,Sector
Weld,Business_Services,81,0.22885167698239972,Sector
Weld,Business_Products,89,0.7831732693785932,Sector
Weld,Construction,96,0.31932601498426716,Sector
Weld,Services,48,0.002830949842013153,Sector
Weld,Mining,8,0.16744094508283025,Sector
Weld,Health_Care,54,0.4949046813611253,Sector
Weld,EnergyExpL_Prod,88,0.2824236065650534,Sector
Weld,Utilities,52,0.016799803816094028,Sector
