parent,child,Count,Growth_Rate,Type
,Yuma,585,0.5034024867960922,Overall
Yuma,HiTech,97,0.4751011702422767,Sector
Yuma,Agriculture,19,0.1860427613831942,Sector
Yuma,Transportation,4,0.3782584701355023,Sector
Yuma,Consumer_Products,28,0.31288302325737105,Sector
Yuma,Unassigned,19,0.023642176595754183,Sector
Yuma,Communication,30,0.8215217063603237,Sector
Yuma,Trade,34,0.7104422243882105,Sector
Yuma,Business_Services,55,0.9859299275308179,Sector
Yuma,Business_Products,39,0.8338339950454442,Sector
Yuma,Construction,80,0.7902165078766789,Sector
Yuma,Services,29,0.34763395399929253,Sector
Yuma,Mining,29,0.5213318808683931,Sector
Yuma,Health_Care,11,0.19775068927185757,Sector
Yuma,EnergyExpL_Prod,70,0.9399289913407397,Sector
Yuma,Utilities,41,0.026519823645525964,Sector
