parent,child,Count,Growth_Rate,Type
,Kent,697,0.4700254946092367,Overall
Kent,HiTech,2,0.6511782455563813,Sector
Kent,Agriculture,8,0.2853236280751511,Sector
Kent,Transportation,85,0.06015863758686579,Sector
Kent,Consumer_Products,12,0.06299935554363811,Sector
Kent,Unassigned,66,0.38098986764105724,Sector
Kent,Communication,88,0.5300283465738066,Sector
Kent,Trade,96,0.6116294576768964,Sector
Kent,Business_Services,15,0.6722149211768594,Sector
Kent,Business_Products,64,0.4562530887486841,Sector
Kent,Construction,57,0.6313004414925828,Sector
Kent,Services,14,0.7975904787414047,Sector
Kent,Mining,3,0.7370043682917105,Sector
Kent,Health_Care,97,0.4091279185649068,Sector
Kent,EnergyExpL_Prod,27,0.4263372056417497,Sector
Kent,Utilities,63,0.3382464578268558,Sector
