parent,child,Count,Growth_Rate,Type
,Bay,1000,0.43520111364315556,Overall
Bay,HiTech,47,0.42929875383701877,Sector
Bay,Agriculture,70,0.8683833660805852,Sector
Bay,Transportation,56,0.6941428202315204,Sector
Bay,Consumer_Products,86,0.05012259242010797,Sector
Bay,Unassigned,79,0.30972818852021566,Sector
Bay,Communication,56,0.45140560023037934,Sector
Bay,Trade,45,0.8991592595830256,Sector
Bay,Business_Services,47,0.013595983216841079,Sector
Bay,Business_Products,70,0.5787266974762438,Sector
Bay,Construction,76,0.21490042876244742,Sector
Bay,Services,86,0.25718318163468323,Sector
Bay,Mining,70,0.8786862956531784,Sector
Bay,Health_Care,98,0.0951970326140994,Sector
Bay,EnergyExpL_Prod,41,0.7243368907535644,Sector
Bay,Utilities,73,0.06314961363342109,Sector
