parent,child,Count,Growth_Rate,Type
,Baker,944,0.44759988014094126,Overall
Baker,HiTech,45,0.4311450408839669,Sector
Baker,Agriculture,8,0.12782967815320323,Sector
Baker,Transportation,15,0.2357267656341543,Sector
Baker,Consumer_Products,33,0.48447176938410286,Sector
Baker,Unassigned,66,0.6850220100619753,Sector
Baker,Communication,76,0.44495148200335277,Sector
Baker,Trade,67,0.36413314877366554,Sector
Baker,Business_Services,79,0.27397703884750135,Sector
Baker,Business_Products,35,0.15304719418676915,Sector
Baker,Construction,68,0.6781732749182231,Sector
Baker,Services,96,0.5082901243770196,Sector
Baker,Mining,91,0.8024631464455804,Sector
Baker,Health_Care,94,0.026847138865176978,Sector
Baker,EnergyExpL_Prod,79,0.9661847102656562,Sector
Baker,Utilities,92,0.5317356793137713,Sector
