parent,child,Count,Growth_Rate,Type
,Clay,974,0.5354455863124162,Overall
Clay,HiTech,95,0.7052477383113724,Sector
Clay,Agriculture,60,0.6947777711054456,Sector
Clay,Transportation,2,0.39505040681682535,Sector
Clay,Consumer_Products,50,0.8931903207007327,Sector
Clay,Unassigned,86,0.2896809446977565,Sector
Clay,Communication,68,0.2106374048309526,Sector
Clay,Trade,82,0.15857737490947443,Sector
Clay,Business_Services,5,0.927456049697442,Sector
Clay,Business_Products,78,0.41867205471354596,Sector
Clay,Construction,56,0.6417671565614294,Sector
Clay,Services,28,0.8225692004028881,Sector
Clay,Mining,92,0.031501541243475484,Sector
Clay,Health_Care,98,0.9897942849504553,Sector
Clay,EnergyExpL_Prod,95,0.6094720448324631,Sector
Clay,Utilities,79,0.24328950091198553,Sector
