parent,child,Count,Growth_Rate,Type
,Dixie,785,0.41403382372648073,Overall
Dixie,HiTech,11,0.10100273796592962,Sector
Dixie,Agriculture,7,0.04546624230761176,Sector
Dixie,Transportation,59,0.13651805989937915,Sector
Dixie,Consumer_Products,87,0.22329964274000202,Sector
Dixie,Unassigned,49,0.45510671812700054,Sector
Dixie,Communication,99,0.46264673444656546,Sector
Dixie,Trade,38,0.12965871931085027,Sector
Dixie,Business_Services,40,0.37352832301659933,Sector
Dixie,Business_Products,96,0.6390416807379576,Sector
Dixie,Construction,24,0.3887060604904794,Sector
Dixie,Services,2,0.9588100263766648,Sector
Dixie,Mining,79,0.8626706023427613,Sector
Dixie,Health_Care,13,0.28790280151637215,Sector
Dixie,EnergyExpL_Prod,89,0.43673315981159866,Sector
Dixie,Utilities,92,0.7094158468074391,Sector
