parent,child,Count,Growth_Rate,Type
,Gulf,953,0.5685210612551524,Overall
Gulf,HiTech,53,0.4182407237281892,Sector
Gulf,Agriculture,27,0.6887625300232295,Sector
Gulf,Transportation,23,0.41032163631118745,Sector
Gulf,Consumer_Products,96,0.13126628318079514,Sector
Gulf,Unassigned,58,0.6745745096765317,Sector
Gulf,Communication,67,0.5253810878788626,Sector
Gulf,Trade,93,0.5318146206249369,Sector
Gulf,Business_Services,0,0.8148730943349658,Sector
Gulf,Business_Products,82,0.8475897351925499,Sector
Gulf,Construction,72,0.25338458076827464,Sector
Gulf,Services,63,0.7054676174040975,Sector
Gulf,Mining,74,0.8892703382050028,Sector
Gulf,Health_Care,87,0.1371202740294113,Sector
Gulf,EnergyExpL_Prod,64,0.9490397447794741,Sector
Gulf,Utilities,94,0.5507091426897801,Sector
