parent,child,Count,Growth_Rate,Type
,Lake,605,0.4901596773248601,Overall
Lake,HiTech,31,0.8969727832070871,Sector
Lake,Agriculture,82,0.42676554317642734,Sector
Lake,Transportation,19,0.9622581230807853,Sector
Lake,Consumer_Products,45,0.04604578743524668,Sector
Lake,Unassigned,46,0.13658849029109976,Sector
Lake,Communication,31,0.45270865550026607,Sector
Lake,Trade,47,0.9972933704148519,Sector
Lake,Business_Services,30,0.31491258781328146,Sector
Lake,Business_Products,22,0.33179356729020615,Sector
Lake,Construction,13,0.5422090982843429,Sector
Lake,Services,37,0.8302347745316285,Sector
Lake,Mining,41,0.23200457533686025,Sector
Lake,Health_Care,29,0.8858348889225114,Sector
Lake,EnergyExpL_Prod,89,0.16267411067352433,Sector
Lake,Utilities,43,0.13409880391478102,Sector
