parent,child,Count,Growth_Rate,Type
,Leon,808,0.5176975192885492,Overall
Leon,HiTech,93,0.288896984724213,Sector
Leon,Agriculture,75,0.1902883730847077,Sector
Leon,Transportation,78,0.05888644584177538,Sector
Leon,Consumer_Products,74,0.8668223742407078,Sector
Leon,Unassigned,94,0.14110390601869993,Sector
Leon,Communication,2,0.15692981008031492,Sector
Leon,Trade,5,0.2769152323173486,Sector
Leon,Business_Services,75,0.9409878606632984,Sector
Leon,Business_Products,91,0.2648257003632887,Sector
Leon,Construction,5,0.908354295085442,Sector
Leon,Services,67,0.928974645999158,Sector
Leon,Mining,35,0.6331432385535026,Sector
Leon,Health_Care,23,0.45241588084495543,Sector
Leon,EnergyExpL_Prod,24,0.6763364333234085,Sector
Leon,Utilities,67,0.9805816081874169,Sector
