parent,child,Count,Growth_Rate,Type
,Lee,731,0.5666298999721613,Overall
Lee,HiTech,2,0.42708609686636023,Sector
Lee,Agriculture,50,0.7040521761591966,Sector
Lee,Transportation,93,0.9738664937413023,Sector
Lee,Consumer_Products,93,0.5497335627990725,Sector
Lee,Unassigned,45,0.1034991357540277,Sector
Lee,Communication,80,0.8959698409855822,Sector
Lee,Trade,5,0.19841947169811258,Sector
Lee,Business_Services,3,0.4710446905197899,Sector
Lee,Business_Products,95,0.8244072663131089,Sector
Lee,Construction,79,0.3151081171681862,Sector
Lee,Services,10,0.7222207749608234,Sector
Lee,Mining,45,0.47370363678843685,Sector
Lee,Health_Care,58,0.7765965558365854,Sector
Lee,EnergyExpL_Prod,19,0.40532941816983936,Sector
Lee,Utilities,54,0.6584112618219945,Sector
