parent,child,Count,Growth_Rate,Type
,Polk,834,0.5024066827883638,Overall
Polk,HiTech,24,0.9787002259512331,Sector
Polk,Agriculture,43,0.3288717411699924,Sector
Polk,Transportation,24,0.03237485089114789,Sector
Polk,Consumer_Products,91,0.9618857022309869,Sector
Polk,Unassigned,33,0.36921821953159784,Sector
Polk,Communication,28,0.7268511501279781,Sector
Polk,Trade,70,0.28597229647983,Sector
Polk,Business_Services,14,0.5038425515058166,Sector
Polk,Business_Products,42,0.651889920737941,Sector
Polk,Construction,95,0.47160396787601566,Sector
Polk,Services,90,0.5428143272020418,Sector
Polk,Mining,72,0.3034345881114775,Sector
Polk,Health_Care,90,0.06302275414435043,Sector
Polk,EnergyExpL_Prod,83,0.9697856249424114,Sector
Polk,Utilities,35,0.3458323209226358,Sector
