parent,child,Count,Growth_Rate,Type
,Banks,862,0.5451161310368561,Overall
Banks,HiTech,74,0.8391257548924638,Sector
Banks,Agriculture,83,0.9296312878082144,Sector
Banks,Transportation,33,0.1126270937681404,Sector
Banks,Consumer_Products,69,0.534312778970999,Sector
Banks,Unassigned,97,0.43088487132421127,Sector
Banks,Communication,74,0.015888991570827238,Sector
Banks,Trade,48,0.44042530310320827,Sector
Banks,Business_Services,85,0.9309960931610436,Sector
Banks,Business_Products,55,0.4141770997652787,Sector
Banks,Construction,15,0.9784946075039577,Sector
Banks,Services,28,0.5055502223158806,Sector
Banks,Mining,41,0.9857206861023858,Sector
Banks,Health_Care,85,0.15946943473917918,Sector
Banks,EnergyExpL_Prod,15,0.6286133638327189,Sector
Banks,Utilities,60,0.2708243766943309,Sector
