parent,child,Count,Growth_Rate,Type
,Bibb,944,0.40640750568824313,Overall
Bibb,HiTech,30,0.2538024910015122,Sector
Bibb,Agriculture,75,0.7437180587093952,Sector
Bibb,Transportation,84,0.42873044124873705,Sector
Bibb,Consumer_Products,9,0.3157286618199694,Sector
Bibb,Unassigned,96,0.22265768335036562,Sector
Bibb,Communication,81,0.2339732913292717,Sector
Bibb,Trade,52,0.271584179493913,Sector
Bibb,Business_Services,56,0.4411375378053095,Sector
Bibb,Business_Products,68,0.13963902296215924,Sector
Bibb,Construction,72,0.5319150642892366,Sector
Bibb,Services,55,0.8375384250057151,Sector
Bibb,Mining,45,0.3188236293052129,Sector
Bibb,Health_Care,66,0.9193256433033007,Sector
Bibb,EnergyExpL_Prod,88,0.2738161905799872,Sector
Bibb,Utilities,67,0.1637222651195599,Sector
