parent,child,Count,Growth_Rate,Type
,Butts,796,0.5037303182961774,Overall
Butts,HiTech,52,0.5199940208174115,Sector
Butts,Agriculture,80,0.15997076667651988,Sector
Butts,Transportation,48,0.3367924298675262,Sector
Butts,Consumer_Products,76,0.7642169605786869,Sector
Butts,Unassigned,72,0.9055392822882374,Sector
Butts,Communication,99,0.7068009579565152,Sector
Butts,Trade,68,0.19261480196519976,Sector
Butts,Business_Services,90,0.6640958828920811,Sector
Butts,Business_Products,52,0.01861190375641575,Sector
Butts,Construction,20,0.24766141359129745,Sector
Butts,Services,19,0.5836100088260727,Sector
Butts,Mining,25,0.846527871144324,Sector
Butts,Health_Care,1,0.8099728858779011,Sector
Butts,EnergyExpL_Prod,68,0.46191695528143706,Sector
Butts,Utilities,26,0.33762863292303613,Sector
