parent,child,Count,Growth_Rate,Type
,Burke,541,0.46698933288091166,Overall
Burke,HiTech,21,0.08453279913819345,Sector
Burke,Agriculture,67,0.1833838945999824,Sector
Burke,Transportation,30,0.6163712136279388,Sector
Burke,Consumer_Products,29,0.34114115643859233,Sector
Burke,Unassigned,66,0.30579903789671636,Sector
Burke,Communication,46,0.5161393860338294,Sector
Burke,Trade,9,0.956715384991091,Sector
Burke,Business_Services,33,0.9663368206682019,Sector
Burke,Business_Products,17,0.5503260278735883,Sector
Burke,Construction,29,0.6304120203100025,Sector
Burke,Services,18,0.09170089433956741,Sector
Burke,Mining,37,0.33528454881072867,Sector
Burke,Health_Care,37,0.7724164036021106,Sector
Burke,EnergyExpL_Prod,78,0.49083870525553464,Sector
Burke,Utilities,24,0.16344169962759647,Sector
