parent,child,Count,Growth_Rate,Type
,Clay,626,0.4526406924856703,Overall
Clay,HiTech,13,0.7608862815256544,Sector
Clay,Agriculture,62,0.6405642137547962,Sector
Clay,Transportation,33,0.01161465187291888,Sector
Clay,Consumer_Products,66,0.49934279966490513,Sector
Clay,Unassigned,24,0.4609217865566261,Sector
Clay,Communication,55,0.604098092514441,Sector
Clay,Trade,48,0.17119521809329774,Sector
Clay,Business_Services,43,0.9395855721882616,Sector
Clay,Business_Products,67,0.1563054308172298,Sector
Clay,Construction,30,0.3024927948255446,Sector
Clay,Services,32,0.046341390106937275,Sector
Clay,Mining,22,0.8128370586226205,Sector
Clay,Health_Care,54,0.17726770473924502,Sector
Clay,EnergyExpL_Prod,18,0.7279327639260731,Sector
Clay,Utilities,59,0.478224628076503,Sector
