parent,child,Count,Growth_Rate,Type
,Cobb,909,0.5729383118393326,Overall
Cobb,HiTech,27,0.9691245034408978,Sector
Cobb,Agriculture,42,0.07579628142042139,Sector
Cobb,Transportation,97,0.8447360053069981,Sector
Cobb,Consumer_Products,81,0.8397243264949619,Sector
Cobb,Unassigned,95,0.523729476493889,Sector
Cobb,Communication,16,0.7879247181751184,Sector
Cobb,Trade,14,0.5491831397180745,Sector
Cobb,Business_Services,82,0.8133107940977438,Sector
Cobb,Business_Products,31,0.359623226616671,Sector
Cobb,Construction,93,0.09500896566503125,Sector
Cobb,Services,97,0.2263585420847395,Sector
Cobb,Mining,67,0.18587433509610862,Sector
Cobb,Health_Care,24,0.8896263890847367,Sector
Cobb,EnergyExpL_Prod,64,0.5127182665368505,Sector
Cobb,Utilities,79,0.9213357073577476,Sector
