parent,child,Count,Growth_Rate,Type
,Cook,489,0.6395212250243635,Overall
Cook,HiTech,51,0.952505578287418,Sector
Cook,Agriculture,6,0.5974262667515655,Sector
Cook,Transportation,21,0.7701215384429366,Sector
Cook,Consumer_Products,21,0.5500960425113687,Sector
Cook,Unassigned,8,0.38156807675673643,Sector
Cook,Communication,87,0.7019805524546022,Sector
Cook,Trade,15,0.11162317955631873,Sector
Cook,Business_Services,61,0.7696677743645431,Sector
Cook,Business_Products,86,0.17855063828960716,Sector
Cook,Construction,30,0.9211447891091449,Sector
Cook,Services,11,0.9641572954965931,Sector
Cook,Mining,24,0.1114837322323754,Sector
Cook,Health_Care,31,0.9816950362522333,Sector
Cook,EnergyExpL_Prod,26,0.6698382078646427,Sector
Cook,Utilities,11,0.9309596669953633,Sector
