parent,child,Count,Growth_Rate,Type
,Dade,698,0.37413401615491004,Overall
Dade,HiTech,27,0.03933399292390061,Sector
Dade,Agriculture,29,0.03982694120636654,Sector
Dade,Transportation,48,0.3573120678427195,Sector
Dade,Consumer_Products,62,0.2869873647775373,Sector
Dade,Unassigned,42,0.13841385881711266,Sector
Dade,Communication,60,0.7835255411156141,Sector
Dade,Trade,57,0.055045670318936146,Sector
Dade,Business_Services,2,0.9725127992289054,Sector
Dade,Business_Products,20,0.020143146599305717,Sector
Dade,Construction,11,0.6829867874208501,Sector
Dade,Services,92,0.09440549190251446,Sector
Dade,Mining,97,0.3112951780155835,Sector
Dade,Health_Care,42,0.7770775637369112,Sector
Dade,EnergyExpL_Prod,12,0.8696964719635972,Sector
Dade,Utilities,97,0.1834473664537969,Sector
