parent,child,Count,Growth_Rate,Type
,Dodge,910,0.42658403799444555,Overall
Dodge,HiTech,3,0.5871134654496218,Sector
Dodge,Agriculture,32,0.4430894703480829,Sector
Dodge,Transportation,62,0.06987808216396563,Sector
Dodge,Consumer_Products,70,0.6676833902173785,Sector
Dodge,Unassigned,61,0.01794932473583799,Sector
Dodge,Communication,38,0.3046000360256115,Sector
Dodge,Trade,92,0.19158877833246657,Sector
Dodge,Business_Services,50,0.45316421178009825,Sector
Dodge,Business_Products,80,0.34232803542470813,Sector
Dodge,Construction,63,0.7481954566759134,Sector
Dodge,Services,81,0.5205650283916088,Sector
Dodge,Mining,84,0.7819430610169803,Sector
Dodge,Health_Care,96,0.11088431077187555,Sector
Dodge,EnergyExpL_Prod,52,0.18771889628450222,Sector
Dodge,Utilities,46,0.9720590222980315,Sector
