parent,child,Count,Growth_Rate,Type
,Dooly,602,0.3808834019471136,Overall
Dooly,HiTech,20,0.4741261428685073,Sector
Dooly,Agriculture,3,0.050665923071839813,Sector
Dooly,Transportation,92,0.13737725017288938,Sector
Dooly,Consumer_Products,52,0.9403932976777245,Sector
Dooly,Unassigned,15,0.5456994695049665,Sector
Dooly,Communication,39,0.29695663781551873,Sector
Dooly,Trade,60,0.9460914789639926,Sector
Dooly,Business_Services,27,0.1552607170391468,Sector
Dooly,Business_Products,82,0.24097180401563434,Sector
Dooly,Construction,41,0.13977403903481667,Sector
Dooly,Services,55,0.26587074209813943,Sector
Dooly,Mining,30,0.3024412011425308,Sector
Dooly,Health_Care,26,0.8049014601707548,Sector
Dooly,EnergyExpL_Prod,26,0.023296182717442826,Sector
Dooly,Utilities,34,0.3894246829127992,Sector
