parent,child,Count,Growth_Rate,Type
,Hall,885,0.44318755194786513,Overall
Hall,HiTech,20,0.11937711044989885,Sector
Hall,Agriculture,30,0.41545919186185354,Sector
Hall,Transportation,86,0.5049047051909773,Sector
Hall,Consumer_Products,12,0.7944939376236689,Sector
Hall,Unassigned,95,0.30331600415305315,Sector
Hall,Communication,75,0.03211436697294523,Sector
Hall,Trade,31,0.6200951093967676,Sector
Hall,Business_Services,84,0.7002151916980494,Sector
Hall,Business_Products,67,0.005992836277671998,Sector
Hall,Construction,49,0.8052732645521695,Sector
Hall,Services,8,0.09709417875260085,Sector
Hall,Mining,89,0.6705832803679653,Sector
Hall,Health_Care,85,0.7646829763352228,Sector
Hall,EnergyExpL_Prod,83,0.22123181550751325,Sector
Hall,Utilities,71,0.5929793100776201,Sector
