parent,child,Count,Growth_Rate,Type
,Hart,854,0.3788380959180107,Overall
Hart,HiTech,43,0.9586547123393199,Sector
Hart,Agriculture,20,0.9867078101557532,Sector
Hart,Transportation,88,0.0671749526023625,Sector
Hart,Consumer_Products,30,0.19945893196565723,Sector
Hart,Unassigned,20,0.8225491903912356,Sector
Hart,Communication,97,0.03392199497754855,Sector
Hart,Trade,94,0.20413503168094693,Sector
Hart,Business_Services,72,0.11776143332997313,Sector
Hart,Business_Products,50,0.7795777648588865,Sector
Hart,Construction,22,0.4150617881156843,Sector
Hart,Services,82,0.02591603075872051,Sector
Hart,Mining,67,0.44996825682845276,Sector
Hart,Health_Care,43,0.1263312891225694,Sector
Hart,EnergyExpL_Prod,43,0.43444279757148985,Sector
Hart,Utilities,83,0.060909454071560454,Sector
