parent,child,Count,Growth_Rate,Type
,Henry,681,0.5586374846736264,Overall
Henry,HiTech,39,0.21623025240654326,Sector
Henry,Agriculture,94,0.28231174868995057,Sector
Henry,Transportation,28,0.7161202781646363,Sector
Henry,Consumer_Products,84,0.7795685672293665,Sector
Henry,Unassigned,21,0.3703057612535201,Sector
Henry,Communication,56,0.8809140746975228,Sector
Henry,Trade,42,0.9243065460482935,Sector
Henry,Business_Services,14,0.9604019121022039,Sector
Henry,Business_Products,54,0.14206026170605046,Sector
Henry,Construction,83,0.7256335211025038,Sector
Henry,Services,58,0.7027680826784828,Sector
Henry,Mining,45,0.6462249087255849,Sector
Henry,Health_Care,22,0.05104349027443611,Sector
Henry,EnergyExpL_Prod,9,0.7941127756257892,Sector
Henry,Utilities,32,0.18756008939951307,Sector
