parent,child,Count,Growth_Rate,Type
,Lamar,580,0.46433234267165563,Overall
Lamar,HiTech,2,0.6881154168181458,Sector
Lamar,Agriculture,66,0.5335340464774313,Sector
Lamar,Transportation,92,0.25650006059696795,Sector
Lamar,Consumer_Products,18,0.8005102561809954,Sector
Lamar,Unassigned,60,0.0792129120987698,Sector
Lamar,Communication,13,0.12721373160939808,Sector
Lamar,Trade,11,0.24192502004313365,Sector
Lamar,Business_Services,59,0.7665663543353369,Sector
Lamar,Business_Products,4,0.6327897364236628,Sector
Lamar,Construction,80,0.7046659700479442,Sector
Lamar,Services,15,0.15465220689148684,Sector
Lamar,Mining,24,0.5663140407162757,Sector
Lamar,Health_Care,21,0.12954886665718623,Sector
Lamar,EnergyExpL_Prod,22,0.808652781630948,Sector
Lamar,Utilities,93,0.47478373954715114,Sector
