parent,child,Count,Growth_Rate,Type
,Long,747,0.512588951526409,Overall
Long,HiTech,49,0.3064268568911992,Sector
Long,Agriculture,11,0.19050122321203677,Sector
Long,Transportation,3,0.7948624137242635,Sector
Long,Consumer_Products,67,0.3398627957674921,Sector
Long,Unassigned,48,0.4282022906813122,Sector
Long,Communication,69,0.0026907814760681603,Sector
Long,Trade,42,0.9841650789428765,Sector
Long,Business_Services,86,0.9461916090155567,Sector
Long,Business_Products,72,0.47024904004639345,Sector
Long,Construction,31,0.49822372253079317,Sector
Long,Services,72,0.6821588658638353,Sector
Long,Mining,59,0.23829315246161353,Sector
Long,Health_Care,35,0.7547118568791586,Sector
Long,EnergyExpL_Prod,98,0.47786671539990655,Sector
Long,Utilities,5,0.5744278700036289,Sector
