parent,child,Count,Growth_Rate,Type
,Pike,796,0.5199172491871632,Overall
Pike,HiTech,78,0.5598214582210512,Sector
Pike,Agriculture,54,0.8551146740254185,Sector
Pike,Transportation,68,0.8543794631447579,Sector
Pike,Consumer_Products,35,0.6201443266528267,Sector
Pike,Unassigned,46,0.5376104428860426,Sector
Pike,Communication,0,0.49836057570800796,Sector
Pike,Trade,85,0.248133078351935,Sector
Pike,Business_Services,53,0.48689772263792863,Sector
Pike,Business_Products,5,0.21517274256918684,Sector
Pike,Construction,68,0.25965660930237655,Sector
Pike,Services,20,0.9290427221123286,Sector
Pike,Mining,95,0.037407630305473116,Sector
Pike,Health_Care,22,0.10895353392671492,Sector
Pike,EnergyExpL_Prod,68,0.8219548936036501,Sector
Pike,Utilities,99,0.7661088643597488,Sector
