parent,child,Count,Growth_Rate,Type
,Polk,783,0.42425937922883716,Overall
Polk,HiTech,27,0.4133853852353022,Sector
Polk,Agriculture,83,0.5505091317724158,Sector
Polk,Transportation,33,0.953689019139109,Sector
Polk,Consumer_Products,79,0.5344087462610563,Sector
Polk,Unassigned,46,0.41877659879643536,Sector
Polk,Communication,73,0.22547001596222405,Sector
Polk,Trade,22,0.22390984108355994,Sector
Polk,Business_Services,56,0.19966732634729445,Sector
Polk,Business_Products,31,0.8696879068178142,Sector
Polk,Construction,13,0.2484535020718539,Sector
Polk,Services,89,0.5904535947775982,Sector
Polk,Mining,99,0.48946861525072016,Sector
Polk,Health_Care,92,0.5239569558788608,Sector
Polk,EnergyExpL_Prod,25,0.11567439879812946,Sector
Polk,Utilities,15,0.006379650240183166,Sector
