parent,child,Count,Growth_Rate,Type
,Rabun,764,0.4810856019421698,Overall
Rabun,HiTech,2,0.10938465104504203,Sector
Rabun,Agriculture,45,0.13115709746726667,Sector
Rabun,Transportation,46,0.6475541386002134,Sector
Rabun,Consumer_Products,70,0.4524323460164934,Sector
Rabun,Unassigned,67,0.9197797141031562,Sector
Rabun,Communication,76,0.9378515418854301,Sector
Rabun,Trade,44,0.38017430719535417,Sector
Rabun,Business_Services,48,0.09607461347038782,Sector
Rabun,Business_Products,88,0.8583014241419377,Sector
Rabun,Construction,50,0.20673037970334396,Sector
Rabun,Services,51,0.6811115286284608,Sector
Rabun,Mining,44,0.33656395130856265,Sector
Rabun,Health_Care,56,0.7769686318718704,Sector
Rabun,EnergyExpL_Prod,60,0.3132961826471524,Sector
Rabun,Utilities,17,0.3689035210478755,Sector
