parent,child,Count,Growth_Rate,Type
,Tift,995,0.4949046002326928,Overall
Tift,HiTech,69,0.8022145093009114,Sector
Tift,Agriculture,11,0.5228528330472909,Sector
Tift,Transportation,91,0.7692878415118296,Sector
Tift,Consumer_Products,42,0.16093422907366128,Sector
Tift,Unassigned,94,0.24758946232388468,Sector
Tift,Communication,2,0.15745006043957266,Sector
Tift,Trade,56,0.2480923724923545,Sector
Tift,Business_Services,73,0.382510446055385,Sector
Tift,Business_Products,94,0.5833288525577089,Sector
Tift,Construction,98,0.2101042716998237,Sector
Tift,Services,99,0.3641371632425654,Sector
Tift,Mining,77,0.6294825483824071,Sector
Tift,Health_Care,99,0.9839961134441644,Sector
Tift,EnergyExpL_Prod,1,0.5561499542495963,Sector
Tift,Utilities,89,0.805438345669235,Sector
