parent,child,Count,Growth_Rate,Type
,Towns,655,0.44115439893554265,Overall
Towns,HiTech,65,0.667342809616309,Sector
Towns,Agriculture,40,0.08431439133855823,Sector
Towns,Transportation,66,0.29996253847774323,Sector
Towns,Consumer_Products,10,0.4077534767530774,Sector
Towns,Unassigned,43,0.1459046121613078,Sector
Towns,Communication,15,0.0013168183710110526,Sector
Towns,Trade,21,0.33396688149966836,Sector
Towns,Business_Services,40,0.351006336407534,Sector
Towns,Business_Products,79,0.7417696486050195,Sector
Towns,Construction,61,0.6313156277597843,Sector
Towns,Services,43,0.4163410912641533,Sector
Towns,Mining,47,0.4853253835164608,Sector
Towns,Health_Care,18,0.9083373063560277,Sector
Towns,EnergyExpL_Prod,46,0.5206847761946652,Sector
Towns,Utilities,61,0.6219742857118196,Sector
