parent,child,Count,Growth_Rate,Type
,Wayne,687,0.5201280170911924,Overall
Wayne,HiTech,88,0.5511993663424458,Sector
Wayne,Agriculture,23,0.04356717329377535,Sector
Wayne,Transportation,56,0.6383244955964814,Sector
Wayne,Consumer_Products,16,0.5121956834061283,Sector
Wayne,Unassigned,14,0.40688255325229483,Sector
Wayne,Communication,45,0.7727023690962445,Sector
Wayne,Trade,35,0.47915194870096256,Sector
Wayne,Business_Services,54,0.4798453418736893,Sector
Wayne,Business_Products,51,0.7473940633285949,Sector
Wayne,Construction,53,0.4257117758988582,Sector
Wayne,Services,37,0.30342522343924105,Sector
Wayne,Mining,27,0.9154393936573616,Sector
Wayne,Health_Care,43,0.3027966219550311,Sector
Wayne,EnergyExpL_Prod,91,0.7503541615764181,Sector
Wayne,Utilities,54,0.4729300849503576,Sector
