parent,child,Count,Growth_Rate,Type
,Worth,773,0.44491175665387345,Overall
Worth,HiTech,93,0.5030753323942189,Sector
Worth,Agriculture,60,0.3684468793476776,Sector
Worth,Transportation,6,0.39022796146588656,Sector
Worth,Consumer_Products,52,0.940838636122369,Sector
Worth,Unassigned,11,0.013554308874485055,Sector
Worth,Communication,62,0.3465954879276101,Sector
Worth,Trade,25,0.3853038355322097,Sector
Worth,Business_Services,94,0.2833131861106516,Sector
Worth,Business_Products,80,0.5987557841354858,Sector
Worth,Construction,72,0.14492214081263577,Sector
Worth,Services,80,0.032655169161184494,Sector
Worth,Mining,5,0.7792540848340748,Sector
Worth,Health_Care,34,0.6238961423248719,Sector
Worth,EnergyExpL_Prod,47,0.5170697421574209,Sector
Worth,Utilities,52,0.7457676586073195,Sector
