parent,child,Count,Growth_Rate,Type
,Maui,542,0.5760937044453688,Overall
Maui,HiTech,98,0.16090031448572062,Sector
Maui,Agriculture,16,0.6053430485260528,Sector
Maui,Transportation,16,0.9440490247396727,Sector
Maui,Consumer_Products,74,0.4257102744084469,Sector
Maui,Unassigned,11,0.5442414350050089,Sector
Maui,Communication,49,0.05607433755595059,Sector
Maui,Trade,9,0.6034213549987042,Sector
Maui,Business_Services,28,0.6059314402125465,Sector
Maui,Business_Products,60,0.2926110081479937,Sector
Maui,Construction,73,0.6163926102898969,Sector
Maui,Services,10,0.7163572476570222,Sector
Maui,Mining,4,0.8998154543762437,Sector
Maui,Health_Care,9,0.9318983949379314,Sector
Maui,EnergyExpL_Prod,10,0.5925883179989015,Sector
Maui,Utilities,75,0.6460713033404403,Sector
