parent,child,Count,Growth_Rate,Type
,Ada,1001,0.5684115779768174,Overall
Ada,HiTech,85,0.6903356536649116,Sector
Ada,Agriculture,51,0.3207287752124731,Sector
Ada,Transportation,57,0.4910623181810736,Sector
Ada,Consumer_Products,95,0.9421176773199629,Sector
Ada,Unassigned,91,0.35781470698384465,Sector
Ada,Communication,80,0.8585153966920573,Sector
Ada,Trade,52,0.3119168580493673,Sector
Ada,Business_Services,72,0.8761010424232856,Sector
Ada,Business_Products,43,0.661340423993509,Sector
Ada,Construction,46,0.7138179780911108,Sector
Ada,Services,86,0.4196020201378696,Sector
Ada,Mining,91,0.5221919351546066,Sector
Ada,Health_Care,80,0.6486389392788239,Sector
Ada,EnergyExpL_Prod,50,0.33492647650868,Sector
Ada,Utilities,22,0.3770634679606858,Sector
