parent,child,Count,Growth_Rate,Type
,Clark,794,0.43809156052940224,Overall
Clark,HiTech,33,0.09740641033463404,Sector
Clark,Agriculture,72,0.22549931547450353,Sector
Clark,Transportation,84,0.8873314585042692,Sector
Clark,Consumer_Products,31,0.3001561315772535,Sector
Clark,Unassigned,44,0.7803479152117752,Sector
Clark,Communication,57,0.0898588880901573,Sector
Clark,Trade,20,0.17023730365367296,Sector
Clark,Business_Services,24,0.9806386052916999,Sector
Clark,Business_Products,60,0.8159080101046233,Sector
Clark,Construction,36,0.7115462862608649,Sector
Clark,Services,70,0.3343719331197381,Sector
Clark,Mining,79,0.2666388518897598,Sector
Clark,Health_Care,77,0.29950072691483587,Sector
Clark,EnergyExpL_Prod,92,0.2131693841719957,Sector
Clark,Utilities,15,0.39876218734124946,Sector
