parent,child,Count,Growth_Rate,Type
,Idaho,645,0.4114936717478846,Overall
Idaho,HiTech,99,0.13819090496277264,Sector
Idaho,Agriculture,34,0.030064450985994418,Sector
Idaho,Transportation,13,0.889291332856887,Sector
Idaho,Consumer_Products,15,0.3269558269391457,Sector
Idaho,Unassigned,20,0.9446937793282127,Sector
Idaho,Communication,31,0.05087309861044986,Sector
Idaho,Trade,13,0.35073858931319657,Sector
Idaho,Business_Services,95,0.04279873878145135,Sector
Idaho,Business_Products,95,0.08308789918240955,Sector
Idaho,Construction,22,0.5741672816392642,Sector
Idaho,Services,82,0.413542145425719,Sector
Idaho,Mining,14,0.4017158649805179,Sector
Idaho,Health_Care,2,0.5669102357724745,Sector
Idaho,EnergyExpL_Prod,93,0.8802049566617103,Sector
Idaho,Utilities,17,0.4791699707780631,Sector
