parent,child,Count,Growth_Rate,Type
,Gem,601,0.4684719381361358,Overall
Gem,HiTech,4,0.7421308814045898,Sector
Gem,Agriculture,45,0.3543884511637908,Sector
Gem,Transportation,11,0.1888061823893129,Sector
Gem,Consumer_Products,4,0.7067731340651954,Sector
Gem,Unassigned,17,0.5632275674218218,Sector
Gem,Communication,58,0.9690045366409233,Sector
Gem,Trade,80,0.3535765879396313,Sector
Gem,Business_Services,30,0.1477680883452308,Sector
Gem,Business_Products,28,0.09990535064972783,Sector
Gem,Construction,10,0.9616598714239732,Sector
Gem,Services,98,0.10435378839557286,Sector
Gem,Mining,7,0.4560983243022263,Sector
Gem,Health_Care,95,0.3194833467278888,Sector
Gem,EnergyExpL_Prod,40,0.25861762064343574,Sector
Gem,Utilities,74,0.8012853405287169,Sector
