parent,child,Count,Growth_Rate,Type
,Power,829,0.3553470631061907,Overall
Power,HiTech,23,0.17665259068703498,Sector
Power,Agriculture,63,0.522427605515304,Sector
Power,Transportation,40,0.4985550864700715,Sector
Power,Consumer_Products,48,0.8823895659721732,Sector
Power,Unassigned,35,0.36919640466588055,Sector
Power,Communication,68,0.012291982104731258,Sector
Power,Trade,93,0.7174803326991137,Sector
Power,Business_Services,94,0.10933677316529089,Sector
Power,Business_Products,15,0.15046899918881418,Sector
Power,Construction,24,0.2374701642841932,Sector
Power,Services,98,0.08644141404682426,Sector
Power,Mining,20,0.16137001415532604,Sector
Power,Health_Care,87,0.25770100885373304,Sector
Power,EnergyExpL_Prod,76,0.5647463350899202,Sector
Power,Utilities,45,0.5836776696944495,Sector
