parent,child,Count,Growth_Rate,Type
,Teton,674,0.3932455012944199,Overall
Teton,HiTech,48,0.04316976896891889,Sector
Teton,Agriculture,37,0.9365298163758227,Sector
Teton,Transportation,37,0.8996024438815807,Sector
Teton,Consumer_Products,65,0.32216992732467786,Sector
Teton,Unassigned,14,0.4469653820443643,Sector
Teton,Communication,54,0.026810778781206857,Sector
Teton,Trade,41,0.110416905416172,Sector
Teton,Business_Services,56,0.26840885392334846,Sector
Teton,Business_Products,96,0.39034997362857127,Sector
Teton,Construction,22,0.6972873701389403,Sector
Teton,Services,9,0.3435821024880782,Sector
Teton,Mining,80,0.1900448990536806,Sector
Teton,Health_Care,49,0.2331639427323129,Sector
Teton,EnergyExpL_Prod,24,0.15217029186781306,Sector
Teton,Utilities,42,0.8380100627908097,Sector
