parent,child,Count,Growth_Rate,Type
,Bond,714,0.4773923113500122,Overall
Bond,HiTech,80,0.19463965730464816,Sector
Bond,Agriculture,65,0.49557368464787177,Sector
Bond,Transportation,25,0.37477334229903625,Sector
Bond,Consumer_Products,6,0.19270690675323787,Sector
Bond,Unassigned,59,0.47121040992009455,Sector
Bond,Communication,28,0.7551245217367255,Sector
Bond,Trade,24,0.02061782936804879,Sector
Bond,Business_Services,95,0.38832362509284735,Sector
Bond,Business_Products,89,0.2777974268541471,Sector
Bond,Construction,33,0.9119978305516766,Sector
Bond,Services,58,0.164458741265462,Sector
Bond,Mining,29,0.997463980834632,Sector
Bond,Health_Care,14,0.4275988200761689,Sector
Bond,EnergyExpL_Prod,33,0.620357140618126,Sector
Bond,Utilities,76,0.868240752927459,Sector
