parent,child,Count,Growth_Rate,Type
,Adams,773,0.46956083552742545,Overall
Adams,HiTech,48,0.008787735028977672,Sector
Adams,Agriculture,55,0.7812932310479548,Sector
Adams,Transportation,81,0.5005600325684868,Sector
Adams,Consumer_Products,39,0.8035516292022405,Sector
Adams,Unassigned,30,0.31284190718246274,Sector
Adams,Communication,54,0.4307473496824451,Sector
Adams,Trade,51,0.02996277357342969,Sector
Adams,Business_Services,81,0.05707317581534588,Sector
Adams,Business_Products,15,0.6972052512522956,Sector
Adams,Construction,7,0.29576571445886923,Sector
Adams,Services,68,0.4759579723366085,Sector
Adams,Mining,56,0.9526531961893281,Sector
Adams,Health_Care,79,0.3820270358311756,Sector
Adams,EnergyExpL_Prod,35,0.9696503476447604,Sector
Adams,Utilities,74,0.3453351810970017,Sector
