parent,child,Count,Growth_Rate,Type
,Cass,817,0.42987026980909476,Overall
Cass,HiTech,3,0.15527842609052533,Sector
Cass,Agriculture,69,0.04678200658809384,Sector
Cass,Transportation,63,0.29715611480636483,Sector
Cass,Consumer_Products,76,0.3473554595541717,Sector
Cass,Unassigned,22,0.34663633990783405,Sector
Cass,Communication,24,0.5584676950175312,Sector
Cass,Trade,24,0.39505469011366245,Sector
Cass,Business_Services,86,0.347860326408551,Sector
Cass,Business_Products,73,0.9592477252851963,Sector
Cass,Construction,98,0.7424374278866924,Sector
Cass,Services,24,0.44129334989049984,Sector
Cass,Mining,90,0.40310291681880195,Sector
Cass,Health_Care,59,0.5440596668885461,Sector
Cass,EnergyExpL_Prod,94,0.6036074004567911,Sector
Cass,Utilities,12,0.2597145014231599,Sector
