parent,child,Count,Growth_Rate,Type
,Clay,571,0.5165998716902814,Overall
Clay,HiTech,2,0.3457838654925268,Sector
Clay,Agriculture,13,0.7559713129419217,Sector
Clay,Transportation,83,0.3675002711601,Sector
Clay,Consumer_Products,52,0.48965615824977826,Sector
Clay,Unassigned,44,0.2352810173940062,Sector
Clay,Communication,41,0.31740397179769697,Sector
Clay,Trade,4,0.17205949584210167,Sector
Clay,Business_Services,40,0.5549143189852558,Sector
Clay,Business_Products,88,0.2727820250031331,Sector
Clay,Construction,18,0.9024175222829657,Sector
Clay,Services,24,0.48815946421256473,Sector
Clay,Mining,79,0.6311362838760819,Sector
Clay,Health_Care,2,0.8574966662192908,Sector
Clay,EnergyExpL_Prod,14,0.6783895030231292,Sector
Clay,Utilities,67,0.6800461988736672,Sector
