parent,child,Count,Growth_Rate,Type
,Cook,964,0.43883015044613394,Overall
Cook,HiTech,51,0.3601049041752896,Sector
Cook,Agriculture,46,0.24433594040646867,Sector
Cook,Transportation,82,0.8414100824396142,Sector
Cook,Consumer_Products,8,0.47817691425515707,Sector
Cook,Unassigned,97,0.6529532559680687,Sector
Cook,Communication,96,0.6160445642793494,Sector
Cook,Trade,70,0.22377222953213716,Sector
Cook,Business_Services,80,0.24864903367911795,Sector
Cook,Business_Products,48,0.9165280388247139,Sector
Cook,Construction,90,0.8726420752811233,Sector
Cook,Services,85,0.1918771184169864,Sector
Cook,Mining,60,0.22871334598496873,Sector
Cook,Health_Care,14,0.4599079598337058,Sector
Cook,EnergyExpL_Prod,50,0.24628516759886632,Sector
Cook,Utilities,87,0.001051626016441154,Sector
