parent,child,Count,Growth_Rate,Type
,Edgar,889,0.5085059060343641,Overall
Edgar,HiTech,40,0.7213151158210965,Sector
Edgar,Agriculture,73,0.21465245503189778,Sector
Edgar,Transportation,74,0.6380305155390814,Sector
Edgar,Consumer_Products,46,0.15423117441450784,Sector
Edgar,Unassigned,91,0.9168823574252283,Sector
Edgar,Communication,68,0.4347871005971018,Sector
Edgar,Trade,32,0.6561797182884462,Sector
Edgar,Business_Services,20,0.4576675180729951,Sector
Edgar,Business_Products,80,0.8368398112077508,Sector
Edgar,Construction,58,0.17878000409809347,Sector
Edgar,Services,22,0.14556179563191052,Sector
Edgar,Mining,96,0.8437192945271894,Sector
Edgar,Health_Care,73,0.4980185972121607,Sector
Edgar,EnergyExpL_Prod,35,0.776315746198049,Sector
Edgar,Utilities,81,0.15460738644995375,Sector
