parent,child,Count,Growth_Rate,Type
,Henry,787,0.38403612654459757,Overall
Henry,HiTech,41,0.44059972923798196,Sector
Henry,Agriculture,40,0.11935197907672068,Sector
Henry,Transportation,33,0.05188313978060677,Sector
Henry,Consumer_Products,65,0.9180181023525785,Sector
Henry,Unassigned,45,0.4528396621595322,Sector
Henry,Communication,74,0.0004896750384947302,Sector
Henry,Trade,20,0.4722603664333872,Sector
Henry,Business_Services,73,0.3522021621451379,Sector
Henry,Business_Products,25,0.308479639008432,Sector
Henry,Construction,20,0.25595730165573394,Sector
Henry,Services,70,0.1311653171759054,Sector
Henry,Mining,37,0.3064140271056749,Sector
Henry,Health_Care,73,0.9351334415817024,Sector
Henry,EnergyExpL_Prod,94,0.49126284382706864,Sector
Henry,Utilities,77,0.5244845115900064,Sector
