parent,child,Count,Growth_Rate,Type
,Lake,699,0.6090219443072021,Overall
Lake,HiTech,86,0.8812564930492615,Sector
Lake,Agriculture,57,0.3052761282190046,Sector
Lake,Transportation,25,0.3295144642893416,Sector
Lake,Consumer_Products,11,0.9039249279211693,Sector
Lake,Unassigned,61,0.7003446286472756,Sector
Lake,Communication,43,0.4335092265426955,Sector
Lake,Trade,32,0.8451139905191697,Sector
Lake,Business_Services,86,0.8028800874672898,Sector
Lake,Business_Products,44,0.8882890710270185,Sector
Lake,Construction,48,0.886112009489145,Sector
Lake,Services,84,0.2713731325156953,Sector
Lake,Mining,3,0.6620339252588406,Sector
Lake,Health_Care,24,0.4452827466306851,Sector
Lake,EnergyExpL_Prod,74,0.051887907197614824,Sector
Lake,Utilities,21,0.7285304258338261,Sector
