parent,child,Count,Growth_Rate,Type
,Knox,580,0.43790650601013054,Overall
Knox,HiTech,49,0.6667837155784786,Sector
Knox,Agriculture,2,0.28956808435448544,Sector
Knox,Transportation,55,0.14317089585483844,Sector
Knox,Consumer_Products,70,0.7324166141889124,Sector
Knox,Unassigned,13,0.3597674425127936,Sector
Knox,Communication,70,0.45893006171219985,Sector
Knox,Trade,84,0.011270199163367911,Sector
Knox,Business_Services,39,0.7134896809800202,Sector
Knox,Business_Products,10,0.5357415137139406,Sector
Knox,Construction,25,0.18289429454392492,Sector
Knox,Services,12,0.4340643757347191,Sector
Knox,Mining,12,0.8168145672358428,Sector
Knox,Health_Care,48,0.25757701987697523,Sector
Knox,EnergyExpL_Prod,10,0.014635249469057698,Sector
Knox,Utilities,81,0.9514738752324002,Sector
