parent,child,Count,Growth_Rate,Type
,Logan,863,0.4901087002633565,Overall
Logan,HiTech,77,0.10469114417204561,Sector
Logan,Agriculture,45,0.6791593567232476,Sector
Logan,Transportation,20,0.9044349420679252,Sector
Logan,Consumer_Products,23,0.07721647508892726,Sector
Logan,Unassigned,71,0.052553014013153376,Sector
Logan,Communication,82,0.6247415763721188,Sector
Logan,Trade,9,0.04619509426654822,Sector
Logan,Business_Services,67,0.8363953908533125,Sector
Logan,Business_Products,90,0.7441716935678107,Sector
Logan,Construction,97,0.5074419639872808,Sector
Logan,Services,32,0.22896085630375107,Sector
Logan,Mining,91,0.6861767456450093,Sector
Logan,Health_Care,57,0.055641574047584075,Sector
Logan,EnergyExpL_Prod,69,0.8350170470723857,Sector
Logan,Utilities,33,0.9688336297692465,Sector
