parent,child,Count,Growth_Rate,Type
,Lee,759,0.4965470817592894,Overall
Lee,HiTech,2,0.023505941683584775,Sector
Lee,Agriculture,39,0.0789213509866381,Sector
Lee,Transportation,2,0.406049975959742,Sector
Lee,Consumer_Products,57,0.3779245768286488,Sector
Lee,Unassigned,85,0.7367519255534306,Sector
Lee,Communication,60,0.9170058604501097,Sector
Lee,Trade,44,0.9966310827548334,Sector
Lee,Business_Services,54,0.36753771228309706,Sector
Lee,Business_Products,77,0.20503368353614448,Sector
Lee,Construction,89,0.7127444269555974,Sector
Lee,Services,68,0.3428278182237453,Sector
Lee,Mining,48,0.8722302976619631,Sector
Lee,Health_Care,3,0.9379177722470274,Sector
Lee,EnergyExpL_Prod,55,0.09892837260099274,Sector
Lee,Utilities,76,0.3741954286637845,Sector
