parent,child,Count,Growth_Rate,Type
,Macon,799,0.40071478059873766,Overall
Macon,HiTech,15,0.9718080776733892,Sector
Macon,Agriculture,99,0.22304076838440767,Sector
Macon,Transportation,38,0.3297102635414616,Sector
Macon,Consumer_Products,27,0.7775819537970926,Sector
Macon,Unassigned,93,0.6591111475194511,Sector
Macon,Communication,1,0.7565388782519707,Sector
Macon,Trade,46,0.01980666224523664,Sector
Macon,Business_Services,68,0.24847180307376782,Sector
Macon,Business_Products,67,0.3323056245526934,Sector
Macon,Construction,66,0.3414330524678899,Sector
Macon,Services,5,0.4490288299392865,Sector
Macon,Mining,77,0.055058174840074026,Sector
Macon,Health_Care,83,0.2502961559782946,Sector
Macon,EnergyExpL_Prod,38,0.41450205155722575,Sector
Macon,Utilities,76,0.18202826515882398,Sector
