parent,child,Count,Growth_Rate,Type
,Piatt,917,0.48042760738715073,Overall
Piatt,HiTech,65,0.5922082835061754,Sector
Piatt,Agriculture,70,0.7824640211372008,Sector
Piatt,Transportation,83,0.9771185447919826,Sector
Piatt,Consumer_Products,22,0.0004151583333836806,Sector
Piatt,Unassigned,84,0.10126897548365643,Sector
Piatt,Communication,45,0.3429809475328086,Sector
Piatt,Trade,86,0.32085394102698017,Sector
Piatt,Business_Services,92,0.253944620481364,Sector
Piatt,Business_Products,18,0.557721395512929,Sector
Piatt,Construction,84,0.7250391098608227,Sector
Piatt,Services,53,0.6405679101687634,Sector
Piatt,Mining,38,0.3045426314616505,Sector
Piatt,Health_Care,78,0.7949278579845641,Sector
Piatt,EnergyExpL_Prod,53,0.02560000560774789,Sector
Piatt,Utilities,46,0.7867607079172316,Sector
