parent,child,Count,Growth_Rate,Type
,Pike,845,0.4778719615395836,Overall
Pike,HiTech,78,0.6267026514402868,Sector
Pike,Agriculture,75,0.020985989610220135,Sector
Pike,Transportation,74,0.1884920916270404,Sector
Pike,Consumer_Products,79,0.977443592720286,Sector
Pike,Unassigned,3,0.1998265877299351,Sector
Pike,Communication,59,0.7098978409507827,Sector
Pike,Trade,32,0.9535739615453037,Sector
Pike,Business_Services,30,0.396950172613156,Sector
Pike,Business_Products,83,0.09351315661228499,Sector
Pike,Construction,18,0.110837897990258,Sector
Pike,Services,90,0.1860289198028735,Sector
Pike,Mining,24,0.9963060625327816,Sector
Pike,Health_Care,96,0.5566339523231854,Sector
Pike,EnergyExpL_Prod,94,0.2403619742618608,Sector
Pike,Utilities,10,0.9105245713334997,Sector
