parent,child,Count,Growth_Rate,Type
,Ogle,742,0.5887823722151364,Overall
Ogle,HiTech,60,0.7495800174460739,Sector
Ogle,Agriculture,2,0.43906785222067657,Sector
Ogle,Transportation,59,0.7892685220590313,Sector
Ogle,Consumer_Products,45,0.19824269839533792,Sector
Ogle,Unassigned,29,0.9431026529569032,Sector
Ogle,Communication,31,0.3280923603476148,Sector
Ogle,Trade,97,0.10533439525815014,Sector
Ogle,Business_Services,58,0.9212868791073119,Sector
Ogle,Business_Products,52,0.9249121635185727,Sector
Ogle,Construction,82,0.47650197254512927,Sector
Ogle,Services,6,0.8773446426243302,Sector
Ogle,Mining,89,0.08065071057201312,Sector
Ogle,Health_Care,9,0.990996641839613,Sector
Ogle,EnergyExpL_Prod,95,0.8211252872326462,Sector
Ogle,Utilities,28,0.18622878710364155,Sector
