parent,child,Count,Growth_Rate,Type
,Pope,899,0.5308021089707177,Overall
Pope,HiTech,27,0.8211250949437076,Sector
Pope,Agriculture,21,0.44930366651432385,Sector
Pope,Transportation,62,0.8139154588981209,Sector
Pope,Consumer_Products,92,0.757752713953585,Sector
Pope,Unassigned,42,0.7690608084246076,Sector
Pope,Communication,67,0.10327534863928844,Sector
Pope,Trade,96,0.5759836770922921,Sector
Pope,Business_Services,63,0.021699482042588314,Sector
Pope,Business_Products,27,0.2321723738409378,Sector
Pope,Construction,17,0.3141240097503645,Sector
Pope,Services,84,0.9681725206065057,Sector
Pope,Mining,29,0.5641507935888601,Sector
Pope,Health_Care,94,0.661516599744398,Sector
Pope,EnergyExpL_Prod,92,0.44630271404896793,Sector
Pope,Utilities,86,0.46347637247221696,Sector
