parent,child,Count,Growth_Rate,Type
,Scott,715,0.45680004515100503,Overall
Scott,HiTech,65,0.7755496177753098,Sector
Scott,Agriculture,31,0.037801992093384196,Sector
Scott,Transportation,96,0.8004749909042512,Sector
Scott,Consumer_Products,42,0.5444759507841379,Sector
Scott,Unassigned,14,0.23732593438371274,Sector
Scott,Communication,12,0.49709716776337665,Sector
Scott,Trade,26,0.23728503566797243,Sector
Scott,Business_Services,90,0.20781907677243938,Sector
Scott,Business_Products,49,0.2334143377147292,Sector
Scott,Construction,75,0.7680562451296815,Sector
Scott,Services,9,0.5678715031685305,Sector
Scott,Mining,80,0.3742760231338397,Sector
Scott,Health_Care,23,0.8098864344024684,Sector
Scott,EnergyExpL_Prod,83,0.03303285957194002,Sector
Scott,Utilities,20,0.7276335079993009,Sector
