parent,child,Count,Growth_Rate,Type
,Union,732,0.42883872020523356,Overall
Union,HiTech,19,0.2489925066956714,Sector
Union,Agriculture,42,0.051380879762874976,Sector
Union,Transportation,37,0.08951436469555518,Sector
Union,Consumer_Products,46,0.3971491992129931,Sector
Union,Unassigned,24,0.4295444652107201,Sector
Union,Communication,64,0.8361417294696046,Sector
Union,Trade,20,0.41405632582179897,Sector
Union,Business_Services,79,0.22564399485408004,Sector
Union,Business_Products,73,0.7818562633040089,Sector
Union,Construction,71,0.1625678572018633,Sector
Union,Services,74,0.4155316862359929,Sector
Union,Mining,8,0.4770607621740003,Sector
Union,Health_Care,53,0.628518254411979,Sector
Union,EnergyExpL_Prod,70,0.3672476428480175,Sector
Union,Utilities,52,0.9073748711793416,Sector
