parent,child,Count,Growth_Rate,Type
,Will,802,0.48304780874219266,Overall
Will,HiTech,37,0.4590268432139776,Sector
Will,Agriculture,48,0.7253412985982126,Sector
Will,Transportation,60,0.5046539048632874,Sector
Will,Consumer_Products,88,0.9497871208936026,Sector
Will,Unassigned,49,0.7907677407683803,Sector
Will,Communication,89,0.3815259371770737,Sector
Will,Trade,11,0.9704862364064581,Sector
Will,Business_Services,69,0.4325960990097103,Sector
Will,Business_Products,77,0.1863430643678825,Sector
Will,Construction,46,0.5460314476682371,Sector
Will,Services,21,0.301236878654744,Sector
Will,Mining,96,0.24473330805778437,Sector
Will,Health_Care,21,0.46737618865346187,Sector
Will,EnergyExpL_Prod,63,0.07193741976470935,Sector
Will,Utilities,27,0.2138736430353697,Sector
