parent,child,Count,Growth_Rate,Type
,Adams,763,0.3698173013072623,Overall
Adams,HiTech,94,0.18151876603890282,Sector
Adams,Agriculture,95,0.28443165268059867,Sector
Adams,Transportation,28,0.19766092369246646,Sector
Adams,Consumer_Products,1,0.1828349435405806,Sector
Adams,Unassigned,50,0.3212450675351447,Sector
Adams,Communication,13,0.8374362358613932,Sector
Adams,Trade,99,0.04867551513982893,Sector
Adams,Business_Services,64,0.10080885151974872,Sector
Adams,Business_Products,77,0.7494944133700718,Sector
Adams,Construction,68,0.5721238394779071,Sector
Adams,Services,27,0.15872017670208272,Sector
Adams,Mining,40,0.3433284389820185,Sector
Adams,Health_Care,55,0.6682567172967178,Sector
Adams,EnergyExpL_Prod,51,0.7719029700937159,Sector
Adams,Utilities,1,0.12882100767775861,Sector
