parent,child,Count,Growth_Rate,Type
,Brown,701,0.41247551304196645,Overall
Brown,HiTech,37,0.24384352736045734,Sector
Brown,Agriculture,7,0.29440057678700104,Sector
Brown,Transportation,55,0.012671345114271704,Sector
Brown,Consumer_Products,10,0.23472306854598513,Sector
Brown,Unassigned,94,0.7856995813220686,Sector
Brown,Communication,88,0.2846108762204764,Sector
Brown,Trade,99,0.049400834767428736,Sector
Brown,Business_Services,7,0.6909239800097797,Sector
Brown,Business_Products,69,0.7963300368798367,Sector
Brown,Construction,88,0.1447522710531618,Sector
Brown,Services,94,0.6019765691494401,Sector
Brown,Mining,11,0.3747730684858427,Sector
Brown,Health_Care,4,0.47694384451190697,Sector
Brown,EnergyExpL_Prod,11,0.9084934816133166,Sector
Brown,Utilities,27,0.2875896338085232,Sector
