parent,child,Count,Growth_Rate,Type
,Clark,712,0.4132627207512605,Overall
Clark,HiTech,7,0.8655617522292026,Sector
Clark,Agriculture,59,0.03893642077424175,Sector
Clark,Transportation,5,0.08686845757851569,Sector
Clark,Consumer_Products,57,0.8014681922411729,Sector
Clark,Unassigned,1,0.06983601454909216,Sector
Clark,Communication,31,0.8283786489243118,Sector
Clark,Trade,85,0.0555034252467107,Sector
Clark,Business_Services,46,0.7264667954215155,Sector
Clark,Business_Products,77,0.016972745707027337,Sector
Clark,Construction,92,0.6170306416411635,Sector
Clark,Services,1,0.1784603027196766,Sector
Clark,Mining,95,0.015475116287554935,Sector
Clark,Health_Care,22,0.33668512511259285,Sector
Clark,EnergyExpL_Prod,44,0.8556859883988424,Sector
Clark,Utilities,90,0.7056111844372881,Sector
