parent,child,Count,Growth_Rate,Type
,Boone,764,0.46622908653764605,Overall
Boone,HiTech,86,0.9745775568366127,Sector
Boone,Agriculture,50,0.4173435803345138,Sector
Boone,Transportation,10,0.14113510153830555,Sector
Boone,Consumer_Products,44,0.33966176163356354,Sector
Boone,Unassigned,81,0.5750760020172369,Sector
Boone,Communication,10,0.6369473486334011,Sector
Boone,Trade,95,0.7349908632915437,Sector
Boone,Business_Services,91,0.3496995939453328,Sector
Boone,Business_Products,29,0.84846989103974,Sector
Boone,Construction,38,0.4980028402007769,Sector
Boone,Services,31,0.27791682172887855,Sector
Boone,Mining,99,0.40504417382871793,Sector
Boone,Health_Care,59,0.10376911372437647,Sector
Boone,EnergyExpL_Prod,24,0.4048470788940153,Sector
Boone,Utilities,17,0.28595457041767525,Sector
