parent,child,Count,Growth_Rate,Type
,Cass,686,0.5518636042928926,Overall
Cass,HiTech,43,0.9864614814338317,Sector
Cass,Agriculture,53,0.6800789955707671,Sector
Cass,Transportation,76,0.40384701066527884,Sector
Cass,Consumer_Products,46,0.5271442564068695,Sector
Cass,Unassigned,5,0.29433985232166193,Sector
Cass,Communication,27,0.5058192674123754,Sector
Cass,Trade,24,0.9947946742558961,Sector
Cass,Business_Services,95,0.7792341753103593,Sector
Cass,Business_Products,81,0.8679580600558982,Sector
Cass,Construction,68,0.35416160781807915,Sector
Cass,Services,64,0.6010366478044717,Sector
Cass,Mining,21,0.2668073533694386,Sector
Cass,Health_Care,35,0.03303068073326698,Sector
Cass,EnergyExpL_Prod,45,0.2916651377736291,Sector
Cass,Utilities,3,0.6915748634615669,Sector
