parent,child,Count,Growth_Rate,Type
,Clay,640,0.5709185822236509,Overall
Clay,HiTech,55,0.33270453120286636,Sector
Clay,Agriculture,32,0.7161125029050397,Sector
Clay,Transportation,62,0.7347182023313358,Sector
Clay,Consumer_Products,69,0.4293753793937213,Sector
Clay,Unassigned,8,0.5990162221961052,Sector
Clay,Communication,96,0.999540492651947,Sector
Clay,Trade,38,0.6457900167433003,Sector
Clay,Business_Services,7,0.14455714111367268,Sector
Clay,Business_Products,32,0.031503102108420666,Sector
Clay,Construction,17,0.5310342495612371,Sector
Clay,Services,68,0.9798547673213208,Sector
Clay,Mining,23,0.44751483560540406,Sector
Clay,Health_Care,30,0.5293539063549187,Sector
Clay,EnergyExpL_Prod,9,0.8828163339448482,Sector
Clay,Utilities,94,0.5598870499206251,Sector
