parent,child,Count,Growth_Rate,Type
,Floyd,679,0.5943194162232849,Overall
Floyd,HiTech,44,0.8266887111849508,Sector
Floyd,Agriculture,62,0.14652569510182745,Sector
Floyd,Transportation,16,0.9849112775383931,Sector
Floyd,Consumer_Products,76,0.6715607344734781,Sector
Floyd,Unassigned,22,0.024313375607895482,Sector
Floyd,Communication,80,0.844050703293837,Sector
Floyd,Trade,57,0.011867336523555871,Sector
Floyd,Business_Services,70,0.9648380118533052,Sector
Floyd,Business_Products,51,0.6458998155143719,Sector
Floyd,Construction,37,0.2634811535629066,Sector
Floyd,Services,26,0.9176847417643619,Sector
Floyd,Mining,10,0.8096153397861277,Sector
Floyd,Health_Care,27,0.2998729751721019,Sector
Floyd,EnergyExpL_Prod,61,0.7276466506848757,Sector
Floyd,Utilities,40,0.7758347212872855,Sector
