parent,child,Count,Growth_Rate,Type
,Jay,769,0.45274121949495727,Overall
Jay,HiTech,74,0.10544512542097495,Sector
Jay,Agriculture,9,0.5474139902780499,Sector
Jay,Transportation,35,0.31198078702961896,Sector
Jay,Consumer_Products,6,0.05155780411213473,Sector
Jay,Unassigned,34,0.9020880415679756,Sector
Jay,Communication,52,0.5050841984782898,Sector
Jay,Trade,36,0.5009849209300046,Sector
Jay,Business_Services,98,0.40314234085178624,Sector
Jay,Business_Products,71,0.05393084402577908,Sector
Jay,Construction,6,0.3924385180485612,Sector
Jay,Services,86,0.8972534449526234,Sector
Jay,Mining,94,0.7892441415721064,Sector
Jay,Health_Care,60,0.948432792650389,Sector
Jay,EnergyExpL_Prod,76,0.14736089392380736,Sector
Jay,Utilities,32,0.2347604485822571,Sector
