parent,child,Count,Growth_Rate,Type
,Knox,763,0.6355301414521826,Overall
Knox,HiTech,71,0.5886005848570035,Sector
Knox,Agriculture,24,0.47327024429354203,Sector
Knox,Transportation,46,0.9696415044855395,Sector
Knox,Consumer_Products,4,0.9490772154367959,Sector
Knox,Unassigned,25,0.7610337337454481,Sector
Knox,Communication,11,0.5695851772621019,Sector
Knox,Trade,89,0.6625228335186822,Sector
Knox,Business_Services,63,0.6133764159664847,Sector
Knox,Business_Products,2,0.37764775232962344,Sector
Knox,Construction,74,0.16385828453831286,Sector
Knox,Services,96,0.37941991934601005,Sector
Knox,Mining,57,0.9925407802382625,Sector
Knox,Health_Care,84,0.4781294230873572,Sector
Knox,EnergyExpL_Prod,55,0.5725372129171705,Sector
Knox,Utilities,62,0.9817110397604042,Sector
