parent,child,Count,Growth_Rate,Type
,Lake,701,0.477035558171735,Overall
Lake,HiTech,47,0.6159666040556415,Sector
Lake,Agriculture,88,0.0250906448087157,Sector
Lake,Transportation,72,0.17220409783530977,Sector
Lake,Consumer_Products,93,0.38663058350976665,Sector
Lake,Unassigned,53,0.9509824967434384,Sector
Lake,Communication,12,0.3221309875609786,Sector
Lake,Trade,36,0.3793377161095628,Sector
Lake,Business_Services,79,0.3387586625115093,Sector
Lake,Business_Products,0,0.3922431406696645,Sector
Lake,Construction,53,0.33525219792639427,Sector
Lake,Services,10,0.6812368520086451,Sector
Lake,Mining,37,0.034035813310339225,Sector
Lake,Health_Care,52,0.6564062613257076,Sector
Lake,EnergyExpL_Prod,2,0.8981741181702487,Sector
Lake,Utilities,67,0.9670831960301022,Sector
