parent,child,Count,Growth_Rate,Type
,Miami,624,0.5824897668344327,Overall
Miami,HiTech,19,0.7955483298001561,Sector
Miami,Agriculture,66,0.7936042458245419,Sector
Miami,Transportation,42,0.8461570728062554,Sector
Miami,Consumer_Products,4,0.06388607593205942,Sector
Miami,Unassigned,11,0.2347161661103675,Sector
Miami,Communication,14,0.7929358302421206,Sector
Miami,Trade,95,0.9355780015594019,Sector
Miami,Business_Services,52,0.9108689097592834,Sector
Miami,Business_Products,57,0.588542989197703,Sector
Miami,Construction,35,0.018107236291823425,Sector
Miami,Services,48,0.42583751402483994,Sector
Miami,Mining,49,0.6303367981810438,Sector
Miami,Health_Care,16,0.9382394410103928,Sector
Miami,EnergyExpL_Prod,32,0.008221513318400375,Sector
Miami,Utilities,84,0.7547663784580998,Sector
