parent,child,Count,Growth_Rate,Type
,Owen,755,0.5492838385413257,Overall
Owen,HiTech,80,0.6988273277382526,Sector
Owen,Agriculture,72,0.8557735467457229,Sector
Owen,Transportation,47,0.13902825310252886,Sector
Owen,Consumer_Products,20,0.019684197701757,Sector
Owen,Unassigned,60,0.4511488799158655,Sector
Owen,Communication,98,0.9731743529894241,Sector
Owen,Trade,29,0.8750460320255763,Sector
Owen,Business_Services,6,0.539695595265591,Sector
Owen,Business_Products,6,0.8504739885764445,Sector
Owen,Construction,53,0.32393720745906995,Sector
Owen,Services,64,0.037244311136211294,Sector
Owen,Mining,60,0.6587318043389725,Sector
Owen,Health_Care,7,0.16770179403008678,Sector
Owen,EnergyExpL_Prod,78,0.8869787149984363,Sector
Owen,Utilities,75,0.7618115720959445,Sector
