parent,child,Count,Growth_Rate,Type
,Ohio,902,0.45275950152807903,Overall
Ohio,HiTech,59,0.6176733239521195,Sector
Ohio,Agriculture,11,0.4235259383192568,Sector
Ohio,Transportation,31,0.14220551125816594,Sector
Ohio,Consumer_Products,36,0.0150379097102874,Sector
Ohio,Unassigned,59,0.20329938767344224,Sector
Ohio,Communication,88,0.3099211645986065,Sector
Ohio,Trade,87,0.9389220252875806,Sector
Ohio,Business_Services,91,0.5577547771801152,Sector
Ohio,Business_Products,65,0.9498685030116856,Sector
Ohio,Construction,77,0.6442998219144517,Sector
Ohio,Services,70,0.41200251899211104,Sector
Ohio,Mining,61,0.3560078431022724,Sector
Ohio,Health_Care,68,0.4877568717979184,Sector
Ohio,EnergyExpL_Prod,4,0.1430314849729427,Sector
Ohio,Utilities,95,0.5900854411502308,Sector
