parent,child,Count,Growth_Rate,Type
,Pike,787,0.3668134488855136,Overall
Pike,HiTech,77,0.5923265234750129,Sector
Pike,Agriculture,89,0.44220871840580134,Sector
Pike,Transportation,52,0.7893140250479276,Sector
Pike,Consumer_Products,20,0.2920839015943619,Sector
Pike,Unassigned,94,0.048647528280982844,Sector
Pike,Communication,3,0.18759269032381498,Sector
Pike,Trade,26,0.9128406118935941,Sector
Pike,Business_Services,61,0.7013589311045367,Sector
Pike,Business_Products,49,0.018333494138672468,Sector
Pike,Construction,22,0.07889977822723049,Sector
Pike,Services,29,0.679603538851269,Sector
Pike,Mining,72,0.1357235825962131,Sector
Pike,Health_Care,73,0.3063205946783729,Sector
Pike,EnergyExpL_Prod,34,0.0181351755227257,Sector
Pike,Utilities,86,0.2988126391421889,Sector
