parent,child,Count,Growth_Rate,Type
,Rush,834,0.3362686402972825,Overall
Rush,HiTech,74,0.09532239731651349,Sector
Rush,Agriculture,59,0.12956385705419782,Sector
Rush,Transportation,91,0.6424818199665119,Sector
Rush,Consumer_Products,34,0.19370636159027443,Sector
Rush,Unassigned,33,0.27387203522393144,Sector
Rush,Communication,31,0.5476450779334339,Sector
Rush,Trade,32,0.12995870456099978,Sector
Rush,Business_Services,35,0.6724039701758074,Sector
Rush,Business_Products,69,0.07632667581309516,Sector
Rush,Construction,58,0.9573959811770669,Sector
Rush,Services,37,0.0628683918691586,Sector
Rush,Mining,82,0.41858705389728024,Sector
Rush,Health_Care,72,0.19786920127028285,Sector
Rush,EnergyExpL_Prod,78,0.16756749171331153,Sector
Rush,Utilities,49,0.47846058489737187,Sector
