parent,child,Count,Growth_Rate,Type
,Vigo,693,0.575443158039877,Overall
Vigo,HiTech,72,0.9107579700648379,Sector
Vigo,Agriculture,55,0.9212242831933134,Sector
Vigo,Transportation,2,0.7840729746252064,Sector
Vigo,Consumer_Products,68,0.4626705593594649,Sector
Vigo,Unassigned,53,0.9557480495414368,Sector
Vigo,Communication,60,0.19465381091908052,Sector
Vigo,Trade,8,0.3602750122655589,Sector
Vigo,Business_Services,51,0.4850022404178749,Sector
Vigo,Business_Products,56,0.6620233743224446,Sector
Vigo,Construction,40,0.4790087521239239,Sector
Vigo,Services,39,0.381105975465843,Sector
Vigo,Mining,58,0.6351802824191448,Sector
Vigo,Health_Care,55,0.0801901405094152,Sector
Vigo,EnergyExpL_Prod,1,0.9432673852960926,Sector
Vigo,Utilities,75,0.37646656007451884,Sector
