parent,child,Count,Growth_Rate,Type
,Cass,818,0.5744167175169931,Overall
Cass,HiTech,53,0.8698704671320944,Sector
Cass,Agriculture,89,0.9834922749791042,Sector
Cass,Transportation,57,0.049720573246125555,Sector
Cass,Consumer_Products,48,0.3840011661118239,Sector
Cass,Unassigned,51,0.930775252472824,Sector
Cass,Communication,86,0.003192065150661616,Sector
Cass,Trade,57,0.869551069762393,Sector
Cass,Business_Services,80,0.47283672585702785,Sector
Cass,Business_Products,46,0.5701322184775693,Sector
Cass,Construction,35,0.6003049784154042,Sector
Cass,Services,2,0.8202665100543671,Sector
Cass,Mining,51,0.6940623257568235,Sector
Cass,Health_Care,23,0.7962713324165203,Sector
Cass,EnergyExpL_Prod,99,0.2565449386718517,Sector
Cass,Utilities,41,0.3152288642503067,Sector
