parent,child,Count,Growth_Rate,Type
,Clay,721,0.47835950047662895,Overall
Clay,HiTech,21,0.6975860139555123,Sector
Clay,Agriculture,9,0.5068845616084333,Sector
Clay,Transportation,8,0.3654746280921045,Sector
Clay,Consumer_Products,96,0.43230202007536445,Sector
Clay,Unassigned,11,0.7587736808644023,Sector
Clay,Communication,88,0.06987271714805365,Sector
Clay,Trade,81,0.6627211833635919,Sector
Clay,Business_Services,74,0.49403328195012863,Sector
Clay,Business_Products,3,0.1646777522049726,Sector
Clay,Construction,40,0.21769873547062824,Sector
Clay,Services,33,0.9176410871351459,Sector
Clay,Mining,82,0.22576931950894508,Sector
Clay,Health_Care,29,0.9453606071994215,Sector
Clay,EnergyExpL_Prod,72,0.5875852264323104,Sector
Clay,Utilities,74,0.12901169214041974,Sector
