parent,child,Count,Growth_Rate,Type
,Floyd,672,0.4677534911845507,Overall
Floyd,HiTech,86,0.4161762956982835,Sector
Floyd,Agriculture,16,0.3361955125677687,Sector
Floyd,Transportation,72,0.018544921258305314,Sector
Floyd,Consumer_Products,66,0.8562154243801373,Sector
Floyd,Unassigned,11,0.046628254541683845,Sector
Floyd,Communication,16,0.30147569271661867,Sector
Floyd,Trade,3,0.9909267054587997,Sector
Floyd,Business_Services,96,0.2628197983216072,Sector
Floyd,Business_Products,78,0.5480700593365125,Sector
Floyd,Construction,8,0.5884187210109959,Sector
Floyd,Services,63,0.6800814459069643,Sector
Floyd,Mining,3,0.06709964988842199,Sector
Floyd,Health_Care,80,0.9525146580583155,Sector
Floyd,EnergyExpL_Prod,26,0.42572074521590286,Sector
Floyd,Utilities,48,0.5254144834079425,Sector
