parent,child,Count,Growth_Rate,Type
,Emmet,759,0.4129511433659754,Overall
Emmet,HiTech,63,0.8868164354230492,Sector
Emmet,Agriculture,36,0.09372031079655097,Sector
Emmet,Transportation,89,0.17566705764371882,Sector
Emmet,Consumer_Products,41,0.15788640654193142,Sector
Emmet,Unassigned,59,0.7208019947862135,Sector
Emmet,Communication,85,0.8427514456117052,Sector
Emmet,Trade,12,0.28567548931535647,Sector
Emmet,Business_Services,42,0.6332718891912733,Sector
Emmet,Business_Products,71,0.09763562575565299,Sector
Emmet,Construction,40,0.6271397970677792,Sector
Emmet,Services,55,0.35241424448469616,Sector
Emmet,Mining,59,0.20784012844187605,Sector
Emmet,Health_Care,36,0.4715026200284532,Sector
Emmet,EnergyExpL_Prod,61,0.4959884746168649,Sector
Emmet,Utilities,10,0.14515523078450954,Sector
