parent,child,Count,Growth_Rate,Type
,Henry,758,0.4338316166456632,Overall
Henry,HiTech,67,0.22596752562892464,Sector
Henry,Agriculture,41,0.6449079775530702,Sector
Henry,Transportation,16,0.8054028223237025,Sector
Henry,Consumer_Products,77,0.8196155891688113,Sector
Henry,Unassigned,51,0.6418863119576494,Sector
Henry,Communication,47,0.03185973478280135,Sector
Henry,Trade,0,0.5366414134175789,Sector
Henry,Business_Services,74,0.21163663331506144,Sector
Henry,Business_Products,91,0.3167718734149725,Sector
Henry,Construction,97,0.5145915344406731,Sector
Henry,Services,53,0.6466541586274462,Sector
Henry,Mining,57,0.06218269336601889,Sector
Henry,Health_Care,26,0.6117661026626382,Sector
Henry,EnergyExpL_Prod,26,0.13689707945801077,Sector
Henry,Utilities,35,0.30069279956758865,Sector
