parent,child,Count,Growth_Rate,Type
,Ida,697,0.5830189295913293,Overall
Ida,HiTech,82,0.4444064225087567,Sector
Ida,Agriculture,65,0.9651750883615546,Sector
Ida,Transportation,44,0.4594878266621404,Sector
Ida,Consumer_Products,80,0.20532337148268143,Sector
Ida,Unassigned,82,0.6319302152966556,Sector
Ida,Communication,14,0.32717029093114947,Sector
Ida,Trade,98,0.8496138616711013,Sector
Ida,Business_Services,56,0.9958383097825291,Sector
Ida,Business_Products,7,0.9354384941419831,Sector
Ida,Construction,2,0.19043705793842247,Sector
Ida,Services,60,0.0901577491042681,Sector
Ida,Mining,3,0.8882513091134588,Sector
Ida,Health_Care,27,0.2110171103695363,Sector
Ida,EnergyExpL_Prod,71,0.7419048595457863,Sector
Ida,Utilities,6,0.8091319769599155,Sector
