parent,child,Count,Growth_Rate,Type
,Iowa,593,0.5140255419136129,Overall
Iowa,HiTech,12,0.47036771139170663,Sector
Iowa,Agriculture,26,0.7991694635266051,Sector
Iowa,Transportation,25,0.35708391431388875,Sector
Iowa,Consumer_Products,89,0.7606306978683509,Sector
Iowa,Unassigned,29,0.9516775635567272,Sector
Iowa,Communication,8,0.1510356561055305,Sector
Iowa,Trade,93,0.5989626201966561,Sector
Iowa,Business_Services,3,0.5640574965457585,Sector
Iowa,Business_Products,40,0.9520765716285648,Sector
Iowa,Construction,66,0.053851182728102964,Sector
Iowa,Services,10,0.555632768505348,Sector
Iowa,Mining,68,0.25026077000620606,Sector
Iowa,Health_Care,34,0.8111700065175774,Sector
Iowa,EnergyExpL_Prod,41,0.24579573124733456,Sector
Iowa,Utilities,49,0.18861097456583586,Sector
