parent,child,Count,Growth_Rate,Type
,Linn,833,0.36296048601350894,Overall
Linn,HiTech,27,0.05036214940952999,Sector
Linn,Agriculture,79,0.5137524890581006,Sector
Linn,Transportation,87,0.289653855847386,Sector
Linn,Consumer_Products,97,0.7983118530466276,Sector
Linn,Unassigned,26,0.6473698625411144,Sector
Linn,Communication,63,0.6670728719189205,Sector
Linn,Trade,66,0.09515911234539154,Sector
Linn,Business_Services,82,0.09965472427387889,Sector
Linn,Business_Products,70,0.14597009235413483,Sector
Linn,Construction,9,0.4764976337184288,Sector
Linn,Services,32,0.13330774331954076,Sector
Linn,Mining,70,0.28309485745474616,Sector
Linn,Health_Care,62,0.11119829270565551,Sector
Linn,EnergyExpL_Prod,34,0.28488242210966563,Sector
Linn,Utilities,29,0.8481193300995138,Sector
