parent,child,Count,Growth_Rate,Type
,Lucas,738,0.4451435836259164,Overall
Lucas,HiTech,81,0.015046013147466786,Sector
Lucas,Agriculture,79,0.20010943930713077,Sector
Lucas,Transportation,64,0.8735266282703653,Sector
Lucas,Consumer_Products,25,0.011630349883836155,Sector
Lucas,Unassigned,93,0.3239692750150204,Sector
Lucas,Communication,41,0.9511496083690315,Sector
Lucas,Trade,27,0.09948958777707961,Sector
Lucas,Business_Services,5,0.985988246389263,Sector
Lucas,Business_Products,97,0.15752426685970888,Sector
Lucas,Construction,36,0.3295489639782839,Sector
Lucas,Services,9,0.639051633364131,Sector
Lucas,Mining,27,0.4049643115221335,Sector
Lucas,Health_Care,30,0.7222613460950019,Sector
Lucas,EnergyExpL_Prod,37,0.8676859727691325,Sector
Lucas,Utilities,87,0.09520811164116094,Sector
