parent,child,Count,Growth_Rate,Type
,Lyon,976,0.5657435305458521,Overall
Lyon,HiTech,49,0.6785916767499146,Sector
Lyon,Agriculture,47,0.12030458216407092,Sector
Lyon,Transportation,63,0.9857801620845337,Sector
Lyon,Consumer_Products,97,0.3137228988966093,Sector
Lyon,Unassigned,88,0.06186195212454315,Sector
Lyon,Communication,62,0.7456114842981238,Sector
Lyon,Trade,86,0.8231102413839418,Sector
Lyon,Business_Services,66,0.9977989848462199,Sector
Lyon,Business_Products,56,0.003540994157724131,Sector
Lyon,Construction,59,0.40253761738212457,Sector
Lyon,Services,54,0.8528678143769111,Sector
Lyon,Mining,66,0.6747391663583557,Sector
Lyon,Health_Care,79,0.4460430017410958,Sector
Lyon,EnergyExpL_Prod,99,0.880299781660076,Sector
Lyon,Utilities,5,0.4993425999635396,Sector
