parent,child,Count,Growth_Rate,Type
,Mills,595,0.36939558795265437,Overall
Mills,HiTech,45,0.44546425351750063,Sector
Mills,Agriculture,73,0.7641462222367725,Sector
Mills,Transportation,9,0.45956404491452396,Sector
Mills,Consumer_Products,56,0.8670826194242175,Sector
Mills,Unassigned,61,0.0556892949527269,Sector
Mills,Communication,63,0.033870448430292965,Sector
Mills,Trade,39,0.10130281373719141,Sector
Mills,Business_Services,6,0.41100691137761014,Sector
Mills,Business_Products,0,0.14449592117234467,Sector
Mills,Construction,5,0.6808679902658125,Sector
Mills,Services,41,0.3179220540737713,Sector
Mills,Mining,73,0.22679089230644944,Sector
Mills,Health_Care,16,0.14580144715425003,Sector
Mills,EnergyExpL_Prod,30,0.17706116963850882,Sector
Mills,Utilities,78,0.7098677360878423,Sector
