parent,child,Count,Growth_Rate,Type
,Page,630,0.4770544762147535,Overall
Page,HiTech,0,0.3567091702089298,Sector
Page,Agriculture,64,0.4422361241419085,Sector
Page,Transportation,78,0.252036349990423,Sector
Page,Consumer_Products,55,0.623708156470909,Sector
Page,Unassigned,74,0.6749408035098835,Sector
Page,Communication,33,0.6963247036962851,Sector
Page,Trade,21,0.4917735881340707,Sector
Page,Business_Services,9,0.8062425029112553,Sector
Page,Business_Products,39,0.5352113842972944,Sector
Page,Construction,22,0.45333920259678107,Sector
Page,Services,59,0.16679335682738017,Sector
Page,Mining,87,0.8628146996063303,Sector
Page,Health_Care,32,0.0762201571671145,Sector
Page,EnergyExpL_Prod,39,0.1406691450431644,Sector
Page,Utilities,18,0.5767977986195735,Sector
