parent,child,Count,Growth_Rate,Type
,Polk,689,0.6049792158361341,Overall
Polk,HiTech,87,0.18742540820680498,Sector
Polk,Agriculture,75,0.7767633632582827,Sector
Polk,Transportation,7,0.006671097613182075,Sector
Polk,Consumer_Products,99,0.575311820491556,Sector
Polk,Unassigned,79,0.44048575001284396,Sector
Polk,Communication,50,0.9636570394708058,Sector
Polk,Trade,86,0.9865617203564325,Sector
Polk,Business_Services,14,0.7482881517587816,Sector
Polk,Business_Products,37,0.5925387907033286,Sector
Polk,Construction,48,0.8438410721984638,Sector
Polk,Services,3,0.9528301841899347,Sector
Polk,Mining,34,0.1457960770730592,Sector
Polk,Health_Care,7,0.5848239503327747,Sector
Polk,EnergyExpL_Prod,47,0.31941097633639415,Sector
Polk,Utilities,16,0.9502828355393674,Sector
