parent,child,Count,Growth_Rate,Type
,Sac,739,0.32696225844169213,Overall
Sac,HiTech,46,0.27047528863292936,Sector
Sac,Agriculture,91,0.1544610071954149,Sector
Sac,Transportation,3,0.6511917772434281,Sector
Sac,Consumer_Products,2,0.32151308703006765,Sector
Sac,Unassigned,92,0.15546823527232467,Sector
Sac,Communication,71,0.025666094943593287,Sector
Sac,Trade,50,0.3447682722669464,Sector
Sac,Business_Services,54,0.8875879400950992,Sector
Sac,Business_Products,26,0.028872125378573643,Sector
Sac,Construction,16,0.08530199836040564,Sector
Sac,Services,84,0.3784890967202347,Sector
Sac,Mining,24,0.7728686818716726,Sector
Sac,Health_Care,58,0.01049048154880472,Sector
Sac,EnergyExpL_Prod,87,0.7121577695547021,Sector
Sac,Utilities,35,0.10512202051118602,Sector
