parent,child,Count,Growth_Rate,Type
,Scott,853,0.55371976558944,Overall
Scott,HiTech,68,0.8429975756242691,Sector
Scott,Agriculture,99,0.6843073596427849,Sector
Scott,Transportation,86,0.32587011371993146,Sector
Scott,Consumer_Products,70,0.7090453485581181,Sector
Scott,Unassigned,70,0.9315229655738867,Sector
Scott,Communication,30,0.7850297330216262,Sector
Scott,Trade,27,0.20776786317603457,Sector
Scott,Business_Services,87,0.22888149337489982,Sector
Scott,Business_Products,58,0.5912080475701058,Sector
Scott,Construction,36,0.8484307853062332,Sector
Scott,Services,33,0.45995897803192154,Sector
Scott,Mining,16,0.3452919688923367,Sector
Scott,Health_Care,88,0.30006207376488436,Sector
Scott,EnergyExpL_Prod,55,0.9583906735771771,Sector
Scott,Utilities,30,0.08703150400739168,Sector
