parent,child,Count,Growth_Rate,Type
,Tama,880,0.5266400547159058,Overall
Tama,HiTech,64,0.9013676699518588,Sector
Tama,Agriculture,88,0.7327742078262677,Sector
Tama,Transportation,9,0.45554277540297805,Sector
Tama,Consumer_Products,82,0.37462102299651456,Sector
Tama,Unassigned,56,0.7388927475652554,Sector
Tama,Communication,85,0.0335139955550805,Sector
Tama,Trade,28,0.4913887724789604,Sector
Tama,Business_Services,92,0.07156189155674886,Sector
Tama,Business_Products,62,0.4668114760718073,Sector
Tama,Construction,80,0.8892060536154539,Sector
Tama,Services,1,0.1612961940367641,Sector
Tama,Mining,59,0.8713041678717569,Sector
Tama,Health_Care,78,0.4666048165714082,Sector
Tama,EnergyExpL_Prod,42,0.41224862534410023,Sector
Tama,Utilities,54,0.8324664038936329,Sector
