parent,child,Count,Growth_Rate,Type
,Allen,564,0.3913419230710782,Overall
Allen,HiTech,85,0.40301534934618455,Sector
Allen,Agriculture,4,0.21110016623906425,Sector
Allen,Transportation,29,0.010648415243903364,Sector
Allen,Consumer_Products,51,0.41307912161223304,Sector
Allen,Unassigned,5,0.2686653396542652,Sector
Allen,Communication,27,0.5873494047770168,Sector
Allen,Trade,47,0.390952697922067,Sector
Allen,Business_Services,27,0.5027068700039272,Sector
Allen,Business_Products,69,0.17914187709353413,Sector
Allen,Construction,24,0.5988277244537518,Sector
Allen,Services,33,0.46350206446100894,Sector
Allen,Mining,44,0.02470710752603844,Sector
Allen,Health_Care,44,0.6735117265763149,Sector
Allen,EnergyExpL_Prod,16,0.14608936846595522,Sector
Allen,Utilities,59,0.996831612690908,Sector
