parent,child,Count,Growth_Rate,Type
,Chase,1011,0.5838653467916447,Overall
Chase,HiTech,94,0.9414885310926805,Sector
Chase,Agriculture,74,0.24108193276731227,Sector
Chase,Transportation,17,0.3866601757371946,Sector
Chase,Consumer_Products,43,0.9974743995459077,Sector
Chase,Unassigned,8,0.675577224919077,Sector
Chase,Communication,45,0.01732979688142433,Sector
Chase,Trade,57,0.6661240629702454,Sector
Chase,Business_Services,63,0.8924683283380953,Sector
Chase,Business_Products,83,0.5487744241388393,Sector
Chase,Construction,98,0.26344526386504896,Sector
Chase,Services,97,0.30327166559286334,Sector
Chase,Mining,79,0.7017341943427511,Sector
Chase,Health_Care,68,0.21239257832967706,Sector
Chase,EnergyExpL_Prod,93,0.9838349388570462,Sector
Chase,Utilities,92,0.9263226844965067,Sector
