parent,child,Count,Growth_Rate,Type
,Clay,733,0.622173348524436,Overall
Clay,HiTech,50,0.5823547435462304,Sector
Clay,Agriculture,0,0.6877900512440743,Sector
Clay,Transportation,1,0.037539223871304706,Sector
Clay,Consumer_Products,29,0.2642901800284966,Sector
Clay,Unassigned,81,0.7601507976621958,Sector
Clay,Communication,33,0.5965348480325838,Sector
Clay,Trade,56,0.9557138608830112,Sector
Clay,Business_Services,57,0.8891574971144393,Sector
Clay,Business_Products,33,0.7744324894624562,Sector
Clay,Construction,5,0.801594265140612,Sector
Clay,Services,96,0.25189929472282446,Sector
Clay,Mining,73,0.947399907397701,Sector
Clay,Health_Care,56,0.5728803087201061,Sector
Clay,EnergyExpL_Prod,92,0.6946827201760698,Sector
Clay,Utilities,71,0.5161800398644323,Sector
