parent,child,Count,Growth_Rate,Type
,Cloud,727,0.35933048583638594,Overall
Cloud,HiTech,58,0.29852340785101195,Sector
Cloud,Agriculture,27,0.11566088135964614,Sector
Cloud,Transportation,86,0.8118261599474906,Sector
Cloud,Consumer_Products,61,0.3330906114066996,Sector
Cloud,Unassigned,18,0.20503080898199633,Sector
Cloud,Communication,76,0.3165820395593525,Sector
Cloud,Trade,96,0.6213586463424836,Sector
Cloud,Business_Services,9,0.3121146553105093,Sector
Cloud,Business_Products,44,0.04805145825742696,Sector
Cloud,Construction,82,0.2979903504379684,Sector
Cloud,Services,33,0.18696357707421463,Sector
Cloud,Mining,22,0.7331929491257928,Sector
Cloud,Health_Care,76,0.06787423275804183,Sector
Cloud,EnergyExpL_Prod,3,0.34889430137553457,Sector
Cloud,Utilities,36,0.6928032077576198,Sector
