parent,child,Count,Growth_Rate,Type
,Elk,660,0.5655380789497076,Overall
Elk,HiTech,60,0.4389297267138921,Sector
Elk,Agriculture,34,0.3311232214187042,Sector
Elk,Transportation,40,0.35597009834149473,Sector
Elk,Consumer_Products,3,0.2880876174362773,Sector
Elk,Unassigned,64,0.48049374258305366,Sector
Elk,Communication,63,0.4370290171887553,Sector
Elk,Trade,6,0.5799671202504402,Sector
Elk,Business_Services,7,0.38443470131449253,Sector
Elk,Business_Products,60,0.2587619084430618,Sector
Elk,Construction,73,0.9360767169401597,Sector
Elk,Services,33,0.9755451389794546,Sector
Elk,Mining,94,0.8915569094911089,Sector
Elk,Health_Care,38,0.9712084273629858,Sector
Elk,EnergyExpL_Prod,6,0.8736897384337641,Sector
Elk,Utilities,79,0.28019709934796866,Sector
