parent,child,Count,Growth_Rate,Type
,Ellis,871,0.48316229565329594,Overall
Ellis,HiTech,72,0.9651510340801968,Sector
Ellis,Agriculture,45,0.058571235515107234,Sector
Ellis,Transportation,77,0.3096854696709175,Sector
Ellis,Consumer_Products,22,0.6957037184948026,Sector
Ellis,Unassigned,77,0.8881834884033252,Sector
Ellis,Communication,88,0.3550951976547013,Sector
Ellis,Trade,58,0.530359337999481,Sector
Ellis,Business_Services,76,0.059501537812341576,Sector
Ellis,Business_Products,15,0.6309532345305832,Sector
Ellis,Construction,81,0.44635316742863074,Sector
Ellis,Services,54,0.24075862198380182,Sector
Ellis,Mining,79,0.21683706923928137,Sector
Ellis,Health_Care,11,0.3150118911094203,Sector
Ellis,EnergyExpL_Prod,83,0.8037784800205802,Sector
Ellis,Utilities,33,0.7314909508562688,Sector
