parent,child,Count,Growth_Rate,Type
,Gove,819,0.3661335972348501,Overall
Gove,HiTech,73,0.44309097180362333,Sector
Gove,Agriculture,67,0.302170914962825,Sector
Gove,Transportation,93,0.17088781175867085,Sector
Gove,Consumer_Products,7,0.20703050288162994,Sector
Gove,Unassigned,59,0.40081963568023593,Sector
Gove,Communication,41,0.5015521230897932,Sector
Gove,Trade,2,0.3758599185516809,Sector
Gove,Business_Services,66,0.9596231260597635,Sector
Gove,Business_Products,29,0.30411742245090023,Sector
Gove,Construction,85,0.4864088965123696,Sector
Gove,Services,63,0.2950427521164932,Sector
Gove,Mining,54,0.29178619687984664,Sector
Gove,Health_Care,48,0.1553954258771577,Sector
Gove,EnergyExpL_Prod,51,0.1912488264405645,Sector
Gove,Utilities,81,0.4069694334571964,Sector
