parent,child,Count,Growth_Rate,Type
,Gray,832,0.5049927543418302,Overall
Gray,HiTech,36,0.7078725242087727,Sector
Gray,Agriculture,22,0.30598561481774245,Sector
Gray,Transportation,74,0.6920661943989473,Sector
Gray,Consumer_Products,74,0.5911903973793202,Sector
Gray,Unassigned,26,0.2459070198257407,Sector
Gray,Communication,32,0.631742544477304,Sector
Gray,Trade,57,0.7674700628978904,Sector
Gray,Business_Services,66,0.37276239957095925,Sector
Gray,Business_Products,39,0.1225731927802517,Sector
Gray,Construction,67,0.42608759344876046,Sector
Gray,Services,49,0.287543208942842,Sector
Gray,Mining,44,0.8630632358505375,Sector
Gray,Health_Care,90,0.8841812734725453,Sector
Gray,EnergyExpL_Prod,78,0.28048941069847266,Sector
Gray,Utilities,78,0.3959566423573674,Sector
