parent,child,Count,Growth_Rate,Type
,Lane,1005,0.5272975304058617,Overall
Lane,HiTech,67,0.606259721212627,Sector
Lane,Agriculture,96,0.8194141580491994,Sector
Lane,Transportation,68,0.5768177218533073,Sector
Lane,Consumer_Products,45,0.8706923916457119,Sector
Lane,Unassigned,92,0.00223239950648757,Sector
Lane,Communication,89,0.5508175552713371,Sector
Lane,Trade,91,0.5162524771256525,Sector
Lane,Business_Services,91,0.9942959710440192,Sector
Lane,Business_Products,26,0.45264151466929303,Sector
Lane,Construction,45,0.20497245514601015,Sector
Lane,Services,93,0.6825836426802033,Sector
Lane,Mining,25,0.7098390924674937,Sector
Lane,Health_Care,11,0.4408940267914149,Sector
Lane,EnergyExpL_Prod,97,0.27903810360312264,Sector
Lane,Utilities,69,0.2027117250220467,Sector
