parent,child,Count,Growth_Rate,Type
,Linn,762,0.4447470925363036,Overall
Linn,HiTech,64,0.1621796148082839,Sector
Linn,Agriculture,22,0.3092349749671315,Sector
Linn,Transportation,24,0.5698535599845329,Sector
Linn,Consumer_Products,15,0.5241462156561001,Sector
Linn,Unassigned,89,0.6825600717751071,Sector
Linn,Communication,80,0.0955315654444141,Sector
Linn,Trade,57,0.8780878074772654,Sector
Linn,Business_Services,34,0.029031327546092944,Sector
Linn,Business_Products,58,0.4139729818640363,Sector
Linn,Construction,91,0.09080620805632056,Sector
Linn,Services,4,0.5286380301521655,Sector
Linn,Mining,81,0.12849620606141055,Sector
Linn,Health_Care,7,0.978287081915331,Sector
Linn,EnergyExpL_Prod,50,0.8482827078627654,Sector
Linn,Utilities,86,0.4320980344735973,Sector
