parent,child,Count,Growth_Rate,Type
,Lyon,825,0.6520645238547998,Overall
Lyon,HiTech,64,0.789308631936729,Sector
Lyon,Agriculture,25,0.4990427274580008,Sector
Lyon,Transportation,82,0.2538977515146861,Sector
Lyon,Consumer_Products,37,0.957518847092376,Sector
Lyon,Unassigned,4,0.5308317727679657,Sector
Lyon,Communication,13,0.8787436157136644,Sector
Lyon,Trade,79,0.5778245589608788,Sector
Lyon,Business_Services,60,0.20060858377947166,Sector
Lyon,Business_Products,62,0.9568323551865721,Sector
Lyon,Construction,78,0.9603014071453428,Sector
Lyon,Services,65,0.9501392680183176,Sector
Lyon,Mining,13,0.5831932103292982,Sector
Lyon,Health_Care,97,0.3957946961641632,Sector
Lyon,EnergyExpL_Prod,54,0.6199154003509201,Sector
Lyon,Utilities,92,0.6270150314036126,Sector
