parent,child,Count,Growth_Rate,Type
,Miami,778,0.3910453354670489,Overall
Miami,HiTech,44,0.8071707942034321,Sector
Miami,Agriculture,41,0.30248384040320553,Sector
Miami,Transportation,77,0.05478115925140137,Sector
Miami,Consumer_Products,51,0.0289591041837014,Sector
Miami,Unassigned,63,0.6618496363115398,Sector
Miami,Communication,92,0.4010276784442177,Sector
Miami,Trade,25,0.46564183930427117,Sector
Miami,Business_Services,42,0.3918011648005194,Sector
Miami,Business_Products,21,0.02847528199341043,Sector
Miami,Construction,54,0.490405906743964,Sector
Miami,Services,46,0.5428138919618759,Sector
Miami,Mining,83,0.09952358908984071,Sector
Miami,Health_Care,6,0.28226970106257476,Sector
Miami,EnergyExpL_Prod,35,0.3551752686135834,Sector
Miami,Utilities,98,0.9533011756381962,Sector
