parent,child,Count,Growth_Rate,Type
,Ness,1007,0.6190424910778358,Overall
Ness,HiTech,65,0.2075129983707681,Sector
Ness,Agriculture,80,0.7483238134409902,Sector
Ness,Transportation,83,0.8967080851837849,Sector
Ness,Consumer_Products,80,0.6832284074338747,Sector
Ness,Unassigned,68,0.5691124067277024,Sector
Ness,Communication,22,0.07779771755905662,Sector
Ness,Trade,89,0.9113466265976362,Sector
Ness,Business_Services,8,0.012967430677592762,Sector
Ness,Business_Products,96,0.8205794585983273,Sector
Ness,Construction,48,0.8505789940796465,Sector
Ness,Services,96,0.6241138077263615,Sector
Ness,Mining,88,0.9407796866906109,Sector
Ness,Health_Care,69,0.9306697068588365,Sector
Ness,EnergyExpL_Prod,83,0.6344019890301935,Sector
Ness,Utilities,32,0.3775162371921543,Sector
