parent,child,Count,Growth_Rate,Type
,Rice,660,0.5270511094753388,Overall
Rice,HiTech,61,0.05133992776413543,Sector
Rice,Agriculture,71,0.580862533256109,Sector
Rice,Transportation,18,0.41061359240739526,Sector
Rice,Consumer_Products,11,0.07156980387834144,Sector
Rice,Unassigned,48,0.35503667052710386,Sector
Rice,Communication,65,0.5814361169570137,Sector
Rice,Trade,6,0.8145313855205288,Sector
Rice,Business_Services,13,0.712129264424787,Sector
Rice,Business_Products,81,0.6183667436188824,Sector
Rice,Construction,74,0.3137866168808833,Sector
Rice,Services,22,0.7477099478653952,Sector
Rice,Mining,99,0.7634158417597697,Sector
Rice,Health_Care,88,0.7977029691836437,Sector
Rice,EnergyExpL_Prod,2,0.1976581740033555,Sector
Rice,Utilities,1,0.8896070540827381,Sector
