parent,child,Count,Growth_Rate,Type
,Rush,699,0.5995750097578922,Overall
Rush,HiTech,85,0.8807781795810902,Sector
Rush,Agriculture,97,0.21945786762188924,Sector
Rush,Transportation,2,0.6698547101198398,Sector
Rush,Consumer_Products,57,0.1195654328093303,Sector
Rush,Unassigned,30,0.8886658627206003,Sector
Rush,Communication,73,0.7124398003767435,Sector
Rush,Trade,8,0.9154498563587928,Sector
Rush,Business_Services,67,0.331055198931545,Sector
Rush,Business_Products,49,0.4801812805324449,Sector
Rush,Construction,69,0.16052863609124868,Sector
Rush,Services,75,0.18259707530996727,Sector
Rush,Mining,20,0.8185743226502791,Sector
Rush,Health_Care,18,0.8932466423016583,Sector
Rush,EnergyExpL_Prod,22,0.8286991148184054,Sector
Rush,Utilities,27,0.8925311661445484,Sector
