parent,child,Count,Growth_Rate,Type
,Trego,549,0.39970032352475127,Overall
Trego,HiTech,22,0.6692711675885644,Sector
Trego,Agriculture,87,0.17678691627255982,Sector
Trego,Transportation,15,0.4652559205130845,Sector
Trego,Consumer_Products,14,0.11533471461812683,Sector
Trego,Unassigned,96,0.10025645179994791,Sector
Trego,Communication,35,0.6229565408102578,Sector
Trego,Trade,13,0.0620602139413724,Sector
Trego,Business_Services,27,0.23722269550898445,Sector
Trego,Business_Products,17,0.7799579590921276,Sector
Trego,Construction,11,0.48026192235429477,Sector
Trego,Services,37,0.5253131057305196,Sector
Trego,Mining,83,0.6131811763641178,Sector
Trego,Health_Care,39,0.9403411809351456,Sector
Trego,EnergyExpL_Prod,35,0.011664678727407396,Sector
Trego,Utilities,18,0.19564020861475961,Sector
