parent,child,Count,Growth_Rate,Type
,Bath,705,0.4588400920073589,Overall
Bath,HiTech,66,0.1062831768399668,Sector
Bath,Agriculture,11,0.5644088041254564,Sector
Bath,Transportation,39,0.9363427620693215,Sector
Bath,Consumer_Products,16,0.431482735774822,Sector
Bath,Unassigned,83,0.7858596230836291,Sector
Bath,Communication,80,0.6183004647321162,Sector
Bath,Trade,36,0.45963710756619147,Sector
Bath,Business_Services,37,0.32851750902504173,Sector
Bath,Business_Products,79,0.4635623765140049,Sector
Bath,Construction,45,0.8027946624148107,Sector
Bath,Services,39,0.013102237254646654,Sector
Bath,Mining,58,0.11979985874494758,Sector
Bath,Health_Care,47,0.8863008130113493,Sector
Bath,EnergyExpL_Prod,59,0.2517605221824041,Sector
Bath,Utilities,10,0.11444872677167506,Sector
