parent,child,Count,Growth_Rate,Type
,Bell,875,0.5384893947088899,Overall
Bell,HiTech,48,0.7948573168350958,Sector
Bell,Agriculture,98,0.27823609693843576,Sector
Bell,Transportation,94,0.5103633077207993,Sector
Bell,Consumer_Products,58,0.8304004310792661,Sector
Bell,Unassigned,18,0.8964887931323754,Sector
Bell,Communication,80,0.4800791771652896,Sector
Bell,Trade,54,0.29349928008750303,Sector
Bell,Business_Services,64,0.6053886530117851,Sector
Bell,Business_Products,70,0.36134582809796434,Sector
Bell,Construction,17,0.3341029320411496,Sector
Bell,Services,91,0.15748549622607944,Sector
Bell,Mining,19,0.9882984467165002,Sector
Bell,Health_Care,63,0.3366452527807593,Sector
Bell,EnergyExpL_Prod,99,0.7702466425914349,Sector
Bell,Utilities,2,0.43990326620891007,Sector
