parent,child,Count,Growth_Rate,Type
,Boyd,753,0.3555903826528966,Overall
Boyd,HiTech,7,0.5117901100611549,Sector
Boyd,Agriculture,35,0.3601066662064848,Sector
Boyd,Transportation,11,0.3235220115357701,Sector
Boyd,Consumer_Products,87,0.4485676014744372,Sector
Boyd,Unassigned,50,0.008747552817811921,Sector
Boyd,Communication,25,0.547381547356967,Sector
Boyd,Trade,51,0.35752531109389674,Sector
Boyd,Business_Services,84,0.33330657133653696,Sector
Boyd,Business_Products,5,0.5923541252107576,Sector
Boyd,Construction,89,0.5603672012032962,Sector
Boyd,Services,93,0.6371234634382766,Sector
Boyd,Mining,79,0.17102699958362766,Sector
Boyd,Health_Care,14,0.3305351853704289,Sector
Boyd,EnergyExpL_Prod,39,0.02533126662289298,Sector
Boyd,Utilities,84,0.1261701264811097,Sector
