parent,child,Count,Growth_Rate,Type
,Boyle,932,0.44632709281364985,Overall
Boyle,HiTech,48,0.3287500335816017,Sector
Boyle,Agriculture,94,0.33674657468897273,Sector
Boyle,Transportation,62,0.04744829785956206,Sector
Boyle,Consumer_Products,60,0.7430415557894307,Sector
Boyle,Unassigned,47,0.9996642233968398,Sector
Boyle,Communication,63,0.9222484157751908,Sector
Boyle,Trade,51,0.11948225024295933,Sector
Boyle,Business_Services,97,0.09787121548032729,Sector
Boyle,Business_Products,28,0.3890511676951621,Sector
Boyle,Construction,78,0.6554460422773325,Sector
Boyle,Services,67,0.03812293731614225,Sector
Boyle,Mining,68,0.621022204311402,Sector
Boyle,Health_Care,84,0.2152135253358477,Sector
Boyle,EnergyExpL_Prod,35,0.3945326350643633,Sector
Boyle,Utilities,50,0.786265313389612,Sector
