parent,child,Count,Growth_Rate,Type
,Clay,736,0.5808054221152709,Overall
Clay,HiTech,21,0.7663963198253295,Sector
Clay,Agriculture,78,0.8545097859950143,Sector
Clay,Transportation,11,0.9630232830664021,Sector
Clay,Consumer_Products,56,0.655158119720153,Sector
Clay,Unassigned,92,0.6293593865153589,Sector
Clay,Communication,30,0.2604441701300696,Sector
Clay,Trade,54,0.6497591465685945,Sector
Clay,Business_Services,70,0.8662150773462275,Sector
Clay,Business_Products,88,0.5066195581533508,Sector
Clay,Construction,53,0.29625915652414037,Sector
Clay,Services,30,0.8131584116985808,Sector
Clay,Mining,2,0.33478835221753767,Sector
Clay,Health_Care,17,0.3148213559226477,Sector
Clay,EnergyExpL_Prod,44,0.139209480865916,Sector
Clay,Utilities,90,0.6623597271797402,Sector
