parent,child,Count,Growth_Rate,Type
,Floyd,643,0.41378043311474627,Overall
Floyd,HiTech,52,0.7772649258704997,Sector
Floyd,Agriculture,85,0.9145127272998191,Sector
Floyd,Transportation,8,0.09261143209512113,Sector
Floyd,Consumer_Products,64,0.2400458498311725,Sector
Floyd,Unassigned,88,0.027297536132460998,Sector
Floyd,Communication,2,0.38653556903819575,Sector
Floyd,Trade,44,0.061010726871595256,Sector
Floyd,Business_Services,46,0.4600652061737608,Sector
Floyd,Business_Products,30,0.8588977941717417,Sector
Floyd,Construction,54,0.3077517463651077,Sector
Floyd,Services,14,0.03697715090610976,Sector
Floyd,Mining,3,0.39446086402407243,Sector
Floyd,Health_Care,11,0.29254726016522026,Sector
Floyd,EnergyExpL_Prod,98,0.829858730392887,Sector
Floyd,Utilities,44,0.52686897738343,Sector
