parent,child,Count,Growth_Rate,Type
,Hart,740,0.5678182162472127,Overall
Hart,HiTech,93,0.27187323565034627,Sector
Hart,Agriculture,55,0.12332595727170192,Sector
Hart,Transportation,32,0.5379459974794746,Sector
Hart,Consumer_Products,61,0.5192303022523445,Sector
Hart,Unassigned,29,0.42420981304919814,Sector
Hart,Communication,89,0.43315487271378406,Sector
Hart,Trade,90,0.96367005276299,Sector
Hart,Business_Services,0,0.5563483060580656,Sector
Hart,Business_Products,65,0.5399889948967114,Sector
Hart,Construction,80,0.8396963837629997,Sector
Hart,Services,16,0.41052679528202873,Sector
Hart,Mining,27,0.6012475796185119,Sector
Hart,Health_Care,26,0.6544796007206363,Sector
Hart,EnergyExpL_Prod,0,0.6525919316745737,Sector
Hart,Utilities,77,0.9889834205148232,Sector
