parent,child,Count,Growth_Rate,Type
,Henry,630,0.3413007982922978,Overall
Henry,HiTech,55,0.27028757229795664,Sector
Henry,Agriculture,3,0.9360850298074869,Sector
Henry,Transportation,14,0.08728197569376361,Sector
Henry,Consumer_Products,28,0.8998693382044891,Sector
Henry,Unassigned,62,0.2921149979222377,Sector
Henry,Communication,90,0.15352287528270037,Sector
Henry,Trade,14,0.16563117908653868,Sector
Henry,Business_Services,69,0.007708659277881225,Sector
Henry,Business_Products,95,0.5744609797635897,Sector
Henry,Construction,71,0.9841897785733552,Sector
Henry,Services,43,0.042078066056612684,Sector
Henry,Mining,25,0.05953802296962607,Sector
Henry,Health_Care,30,0.06248029183433257,Sector
Henry,EnergyExpL_Prod,30,0.16544767444822028,Sector
Henry,Utilities,1,0.41881553316567754,Sector
