parent,child,Count,Growth_Rate,Type
,Larue,875,0.4248344762344961,Overall
Larue,HiTech,26,0.41982297878591135,Sector
Larue,Agriculture,93,0.7394320101173021,Sector
Larue,Transportation,70,0.23628779168107994,Sector
Larue,Consumer_Products,7,0.8444158563349576,Sector
Larue,Unassigned,95,0.07928129485602708,Sector
Larue,Communication,8,0.040393618567414746,Sector
Larue,Trade,81,0.01465307155752893,Sector
Larue,Business_Services,50,0.40867372879540076,Sector
Larue,Business_Products,24,0.9622840841286138,Sector
Larue,Construction,66,0.3611021275163686,Sector
Larue,Services,95,0.29230697483182966,Sector
Larue,Mining,95,0.14778191114244565,Sector
Larue,Health_Care,35,0.43269624471699786,Sector
Larue,EnergyExpL_Prod,91,0.8184533356493268,Sector
Larue,Utilities,39,0.5749321148362376,Sector
