parent,child,Count,Growth_Rate,Type
,Knox,700,0.30635141004622196,Overall
Knox,HiTech,62,0.6900335486504725,Sector
Knox,Agriculture,28,0.08964328622816442,Sector
Knox,Transportation,79,0.10490957497372333,Sector
Knox,Consumer_Products,38,0.18357631638919936,Sector
Knox,Unassigned,57,0.1560712578199387,Sector
Knox,Communication,12,0.444827442632141,Sector
Knox,Trade,83,0.1304428996026903,Sector
Knox,Business_Services,11,0.42448153811320943,Sector
Knox,Business_Products,68,0.23890535496337983,Sector
Knox,Construction,75,0.5199250254604664,Sector
Knox,Services,23,0.06661969482408525,Sector
Knox,Mining,48,0.1378917282493225,Sector
Knox,Health_Care,51,0.23029402633301155,Sector
Knox,EnergyExpL_Prod,7,0.22307452917474369,Sector
Knox,Utilities,58,0.9545749272787806,Sector
