parent,child,Count,Growth_Rate,Type
,Lee,793,0.5462335270537186,Overall
Lee,HiTech,98,0.7524100040940471,Sector
Lee,Agriculture,73,0.695467787581445,Sector
Lee,Transportation,23,0.17300097221929944,Sector
Lee,Consumer_Products,26,0.1735129139728998,Sector
Lee,Unassigned,34,0.5766453561808508,Sector
Lee,Communication,31,0.7162396442029748,Sector
Lee,Trade,33,0.17292639855309944,Sector
Lee,Business_Services,14,0.8240212123903976,Sector
Lee,Business_Products,94,0.7145870199298912,Sector
Lee,Construction,79,0.8690561007755967,Sector
Lee,Services,10,0.6974972636453645,Sector
Lee,Mining,77,0.14912701220351288,Sector
Lee,Health_Care,35,0.6291512656250263,Sector
Lee,EnergyExpL_Prod,92,0.27884528708541034,Sector
Lee,Utilities,74,0.7710146673459637,Sector
