parent,child,Count,Growth_Rate,Type
,Lyon,902,0.49575046705377235,Overall
Lyon,HiTech,19,0.8512583211087675,Sector
Lyon,Agriculture,72,0.6888023140453038,Sector
Lyon,Transportation,97,0.2204004548835682,Sector
Lyon,Consumer_Products,41,0.05998080384016191,Sector
Lyon,Unassigned,87,0.7256984822542589,Sector
Lyon,Communication,92,0.9155989654297894,Sector
Lyon,Trade,90,0.34242976354012544,Sector
Lyon,Business_Services,82,0.546039757374143,Sector
Lyon,Business_Products,7,0.9974394573216611,Sector
Lyon,Construction,98,0.21408420271163842,Sector
Lyon,Services,72,0.7322078114207502,Sector
Lyon,Mining,8,0.7833888568271775,Sector
Lyon,Health_Care,57,0.020427133161613598,Sector
Lyon,EnergyExpL_Prod,37,0.24037391900810656,Sector
Lyon,Utilities,43,0.09812676287951883,Sector
