parent,child,Count,Growth_Rate,Type
,Pike,919,0.631118891354776,Overall
Pike,HiTech,31,0.6278653979115391,Sector
Pike,Agriculture,2,0.7089990703931404,Sector
Pike,Transportation,99,0.4553256798081259,Sector
Pike,Consumer_Products,94,0.6182410579373611,Sector
Pike,Unassigned,84,0.07095330622452778,Sector
Pike,Communication,67,0.9639010011301478,Sector
Pike,Trade,65,0.9542087881347024,Sector
Pike,Business_Services,18,0.7042125282576428,Sector
Pike,Business_Products,73,0.3548150528448851,Sector
Pike,Construction,97,0.6140834021129297,Sector
Pike,Services,19,0.9814597939055172,Sector
Pike,Mining,80,0.5621976318814789,Sector
Pike,Health_Care,30,0.4267666183151527,Sector
Pike,EnergyExpL_Prod,97,0.8257041826405616,Sector
Pike,Utilities,63,0.5980498588239246,Sector
