parent,child,Count,Growth_Rate,Type
,Scott,831,0.43702348842115935,Overall
Scott,HiTech,91,0.83108942747965,Sector
Scott,Agriculture,89,0.5029780440513152,Sector
Scott,Transportation,14,0.2938356532879549,Sector
Scott,Consumer_Products,60,0.7676821902754526,Sector
Scott,Unassigned,36,0.08748967194658297,Sector
Scott,Communication,54,0.029948837373469317,Sector
Scott,Trade,94,0.7820817226728689,Sector
Scott,Business_Services,88,0.27145108503670257,Sector
Scott,Business_Products,47,0.14142172687663845,Sector
Scott,Construction,53,0.4700063718055236,Sector
Scott,Services,80,0.7189899434870265,Sector
Scott,Mining,29,0.10674229678739289,Sector
Scott,Health_Care,18,0.788406752486044,Sector
Scott,EnergyExpL_Prod,10,0.30078542009796216,Sector
Scott,Utilities,68,0.46244318265280593,Sector
