parent,child,Count,Growth_Rate,Type
,Todd,751,0.3990418219082797,Overall
Todd,HiTech,73,0.4609819936846611,Sector
Todd,Agriculture,75,0.15641084520251758,Sector
Todd,Transportation,30,0.2798505865688873,Sector
Todd,Consumer_Products,53,0.0939860628946192,Sector
Todd,Unassigned,41,0.2142094864750813,Sector
Todd,Communication,45,0.6900161304907265,Sector
Todd,Trade,72,0.5941721851706215,Sector
Todd,Business_Services,38,0.10190915382672305,Sector
Todd,Business_Products,54,0.7871031161436693,Sector
Todd,Construction,37,0.06619099268098705,Sector
Todd,Services,33,0.8944414016060658,Sector
Todd,Mining,41,0.4266429489162914,Sector
Todd,Health_Care,41,0.6419636656671321,Sector
Todd,EnergyExpL_Prod,37,0.07754318484756029,Sector
Todd,Utilities,81,0.5002055744486517,Sector
