parent,child,Count,Growth_Rate,Type
,Wayne,606,0.5159863966370737,Overall
Wayne,HiTech,33,0.19480228192779048,Sector
Wayne,Agriculture,34,0.8500910340082564,Sector
Wayne,Transportation,19,0.8271822069937241,Sector
Wayne,Consumer_Products,73,0.9485271731155723,Sector
Wayne,Unassigned,63,0.0032898811075787737,Sector
Wayne,Communication,30,0.9833428031344963,Sector
Wayne,Trade,83,0.697173355157955,Sector
Wayne,Business_Services,9,0.060626485452408785,Sector
Wayne,Business_Products,83,0.49064293902684386,Sector
Wayne,Construction,35,0.9488863967638227,Sector
Wayne,Services,36,0.5273649919791085,Sector
Wayne,Mining,66,0.23062961326324183,Sector
Wayne,Health_Care,31,0.3900394085025132,Sector
Wayne,EnergyExpL_Prod,8,0.44668016521884224,Sector
Wayne,Utilities,3,0.14051721390395167,Sector
