parent,child,Count,Growth_Rate,Type
,Caddo,831,0.5656748261560606,Overall
Caddo,HiTech,79,0.890487698249796,Sector
Caddo,Agriculture,84,0.9160299075942738,Sector
Caddo,Transportation,70,0.9726903011273567,Sector
Caddo,Consumer_Products,45,0.37116636786525514,Sector
Caddo,Unassigned,89,0.23317890058070945,Sector
Caddo,Communication,32,0.2415508467358214,Sector
Caddo,Trade,59,0.06412092471117203,Sector
Caddo,Business_Services,71,0.5857328149631547,Sector
Caddo,Business_Products,45,0.8508389888699915,Sector
Caddo,Construction,50,0.9638924864956517,Sector
Caddo,Services,13,0.08780928252258224,Sector
Caddo,Mining,92,0.3576416253762529,Sector
Caddo,Health_Care,41,0.8149756391062399,Sector
Caddo,EnergyExpL_Prod,20,0.26488557857664785,Sector
Caddo,Utilities,41,0.8701210295660035,Sector
