parent,child,Count,Growth_Rate,Type
,Winn,593,0.5757368263171413,Overall
Winn,HiTech,64,0.6643366362783358,Sector
Winn,Agriculture,72,0.21613646918073526,Sector
Winn,Transportation,60,0.09825002254269588,Sector
Winn,Consumer_Products,59,0.5337420838827709,Sector
Winn,Unassigned,70,0.8744625587255554,Sector
Winn,Communication,34,0.7770588098703446,Sector
Winn,Trade,8,0.5559443131235502,Sector
Winn,Business_Services,11,0.9292801878485071,Sector
Winn,Business_Products,19,0.9718245989777927,Sector
Winn,Construction,9,0.5963116095150682,Sector
Winn,Services,10,0.5787766060083712,Sector
Winn,Mining,20,0.332390667427811,Sector
Winn,Health_Care,46,0.5216974143053017,Sector
Winn,EnergyExpL_Prod,46,0.8973603294323844,Sector
Winn,Utilities,65,0.08848008763789383,Sector
