parent,child,Count,Growth_Rate,Type
,Knox,648,0.5041656519880047,Overall
Knox,HiTech,91,0.6566572704809769,Sector
Knox,Agriculture,87,0.043883358114236715,Sector
Knox,Transportation,31,0.3153238396099197,Sector
Knox,Consumer_Products,1,0.1543925233663378,Sector
Knox,Unassigned,45,0.21796156382517184,Sector
Knox,Communication,47,0.687058616031505,Sector
Knox,Trade,10,0.17082274933823072,Sector
Knox,Business_Services,46,0.9785168972821051,Sector
Knox,Business_Products,41,0.8441844522826109,Sector
Knox,Construction,49,0.7076805630174272,Sector
Knox,Services,42,0.3798419628556923,Sector
Knox,Mining,72,0.3678483275795228,Sector
Knox,Health_Care,4,0.8105645890716091,Sector
Knox,EnergyExpL_Prod,52,0.4636863189515964,Sector
Knox,Utilities,30,0.7640617480131277,Sector
