parent,child,Count,Growth_Rate,Type
,York,903,0.577128090477331,Overall
York,HiTech,85,0.18224658109267122,Sector
York,Agriculture,93,0.15102425392054974,Sector
York,Transportation,26,0.607969396071537,Sector
York,Consumer_Products,72,0.5552568758766118,Sector
York,Unassigned,83,0.21619456045541308,Sector
York,Communication,96,0.250372250907406,Sector
York,Trade,97,0.9293547895947631,Sector
York,Business_Services,12,0.9515248287530182,Sector
York,Business_Products,94,0.9226506953396094,Sector
York,Construction,95,0.9603986332657807,Sector
York,Services,3,0.872794703621112,Sector
York,Mining,41,0.180744951996629,Sector
York,Health_Care,19,0.8140559007732678,Sector
York,EnergyExpL_Prod,47,0.26170387327752176,Sector
York,Utilities,40,0.8006290622140737,Sector
