parent,child,Count,Growth_Rate,Type
,Kent,816,0.4517117078857364,Overall
Kent,HiTech,86,0.8861404330792663,Sector
Kent,Agriculture,85,0.40085011648567526,Sector
Kent,Transportation,94,0.078014934458975,Sector
Kent,Consumer_Products,32,0.9776126791600087,Sector
Kent,Unassigned,38,0.15418277124758528,Sector
Kent,Communication,16,0.06037235062254431,Sector
Kent,Trade,5,0.42819278097476876,Sector
Kent,Business_Services,27,0.5243577879431108,Sector
Kent,Business_Products,45,0.5619734244817839,Sector
Kent,Construction,43,0.6700617685683727,Sector
Kent,Services,90,0.02795180716448964,Sector
Kent,Mining,53,0.6025926630112801,Sector
Kent,Health_Care,97,0.05060371891453097,Sector
Kent,EnergyExpL_Prod,28,0.86456129284434,Sector
Kent,Utilities,77,0.4882070893293138,Sector
