parent,child,Count,Growth_Rate,Type
,Bay,742,0.6307409575014297,Overall
Bay,HiTech,73,0.8172178418190499,Sector
Bay,Agriculture,71,0.7935173465692458,Sector
Bay,Transportation,83,0.7742523094284051,Sector
Bay,Consumer_Products,58,0.9907879618092077,Sector
Bay,Unassigned,4,0.9260947244583504,Sector
Bay,Communication,31,0.3020162635069227,Sector
Bay,Trade,91,0.28536535323989154,Sector
Bay,Business_Services,46,0.726506848776753,Sector
Bay,Business_Products,12,0.6455043393188761,Sector
Bay,Construction,72,0.19928027521785485,Sector
Bay,Services,83,0.003924489538207898,Sector
Bay,Mining,61,0.7713100427174766,Sector
Bay,Health_Care,12,0.3680140783618575,Sector
Bay,EnergyExpL_Prod,39,0.9825405902774823,Sector
Bay,Utilities,6,0.8747818974818636,Sector
