parent,child,Count,Growth_Rate,Type
,Cass,519,0.5344616202826745,Overall
Cass,HiTech,18,0.42059694871036524,Sector
Cass,Agriculture,19,0.6886590936513106,Sector
Cass,Transportation,50,0.06817097014624851,Sector
Cass,Consumer_Products,26,0.03634033741867093,Sector
Cass,Unassigned,38,0.9059891823607171,Sector
Cass,Communication,50,0.8672000174733039,Sector
Cass,Trade,52,0.9659709051174784,Sector
Cass,Business_Services,34,0.29932836775712646,Sector
Cass,Business_Products,98,0.684549898275335,Sector
Cass,Construction,6,0.05522242435390545,Sector
Cass,Services,26,0.6644015208145899,Sector
Cass,Mining,22,0.7220831578227497,Sector
Cass,Health_Care,19,0.06249844174711838,Sector
Cass,EnergyExpL_Prod,8,0.8747940335262722,Sector
Cass,Utilities,53,0.7011190050649247,Sector
