parent,child,Count,Growth_Rate,Type
,Clare,892,0.46917618090630336,Overall
Clare,HiTech,9,0.27531973893266326,Sector
Clare,Agriculture,98,0.6283169575728357,Sector
Clare,Transportation,90,0.7476774800928238,Sector
Clare,Consumer_Products,44,0.6256461627993593,Sector
Clare,Unassigned,72,0.06415457755481291,Sector
Clare,Communication,30,0.16186534989445378,Sector
Clare,Trade,34,0.661961816998287,Sector
Clare,Business_Services,80,0.23009241261516689,Sector
Clare,Business_Products,93,0.0051227613549872375,Sector
Clare,Construction,70,0.7222414050148362,Sector
Clare,Services,45,0.6968864330343864,Sector
Clare,Mining,41,0.6273699456398866,Sector
Clare,Health_Care,94,0.14426203096586143,Sector
Clare,EnergyExpL_Prod,85,0.4746856549408853,Sector
Clare,Utilities,7,0.972039986183304,Sector
