parent,child,Count,Growth_Rate,Type
,Delta,768,0.44984495929674495,Overall
Delta,HiTech,10,0.45816319244632664,Sector
Delta,Agriculture,99,0.30705832628327834,Sector
Delta,Transportation,71,0.03838279253583554,Sector
Delta,Consumer_Products,71,0.552887737914666,Sector
Delta,Unassigned,65,0.3107275688110084,Sector
Delta,Communication,49,0.39909097461410137,Sector
Delta,Trade,71,0.9121481797951956,Sector
Delta,Business_Services,56,0.0934127773084088,Sector
Delta,Business_Products,35,0.7995080224669124,Sector
Delta,Construction,19,0.4004780413483262,Sector
Delta,Services,34,0.3153154576754532,Sector
Delta,Mining,67,0.5709503383280873,Sector
Delta,Health_Care,26,0.47560489968009234,Sector
Delta,EnergyExpL_Prod,20,0.8230070115650574,Sector
Delta,Utilities,75,0.29093906867842556,Sector
