parent,child,Count,Growth_Rate,Type
,Emmet,772,0.49778470867497515,Overall
Emmet,HiTech,75,0.3710031250503164,Sector
Emmet,Agriculture,85,0.5715945211786477,Sector
Emmet,Transportation,73,0.1489333195162743,Sector
Emmet,Consumer_Products,77,0.46217540516295763,Sector
Emmet,Unassigned,10,0.8291205601203531,Sector
Emmet,Communication,37,0.36213550899181346,Sector
Emmet,Trade,43,0.24767753791387304,Sector
Emmet,Business_Services,20,0.9941435699208836,Sector
Emmet,Business_Products,11,0.9987117234781027,Sector
Emmet,Construction,97,0.25566311670518604,Sector
Emmet,Services,32,0.4389898847006112,Sector
Emmet,Mining,44,0.0979774740767203,Sector
Emmet,Health_Care,31,0.9115965027683233,Sector
Emmet,EnergyExpL_Prod,94,0.43200868901836986,Sector
Emmet,Utilities,43,0.34503969152219516,Sector
