parent,child,Count,Growth_Rate,Type
,Huron,867,0.4560087825399748,Overall
Huron,HiTech,97,0.10668198328331513,Sector
Huron,Agriculture,18,0.8808461897120747,Sector
Huron,Transportation,90,0.8467160836793544,Sector
Huron,Consumer_Products,15,0.9935252955452653,Sector
Huron,Unassigned,69,0.5989183544736663,Sector
Huron,Communication,60,0.1277875540099782,Sector
Huron,Trade,87,0.22741297790844273,Sector
Huron,Business_Services,51,0.45797834949804095,Sector
Huron,Business_Products,8,0.3503487314101106,Sector
Huron,Construction,93,0.11456260637265092,Sector
Huron,Services,66,0.3812753242975878,Sector
Huron,Mining,33,0.9482785811145241,Sector
Huron,Health_Care,10,0.5803365711164363,Sector
Huron,EnergyExpL_Prod,85,0.19472044707685332,Sector
Huron,Utilities,85,0.03074268860132312,Sector
