parent,child,Count,Growth_Rate,Type
,Iron,599,0.5253057409785276,Overall
Iron,HiTech,58,0.17779126879333218,Sector
Iron,Agriculture,83,0.9891998248825505,Sector
Iron,Transportation,40,0.6188924189844845,Sector
Iron,Consumer_Products,18,0.5359482271912338,Sector
Iron,Unassigned,94,0.5631440931694759,Sector
Iron,Communication,37,0.9443599449244229,Sector
Iron,Trade,16,0.203186926423498,Sector
Iron,Business_Services,2,0.7192660982392831,Sector
Iron,Business_Products,62,0.08018380645412826,Sector
Iron,Construction,34,0.4413266727183569,Sector
Iron,Services,32,0.30842025557051556,Sector
Iron,Mining,65,0.6342987345859928,Sector
Iron,Health_Care,6,0.7578197159305524,Sector
Iron,EnergyExpL_Prod,44,0.7011414073375601,Sector
Iron,Utilities,8,0.20460671947252695,Sector
