parent,child,Count,Growth_Rate,Type
,Kent,648,0.6533272278561609,Overall
Kent,HiTech,82,0.6404428826853577,Sector
Kent,Agriculture,19,0.35895159326131076,Sector
Kent,Transportation,49,0.9539011464481665,Sector
Kent,Consumer_Products,44,0.7055257357191496,Sector
Kent,Unassigned,69,0.9194385070116434,Sector
Kent,Communication,1,0.9650651223219012,Sector
Kent,Trade,47,0.12414417680229106,Sector
Kent,Business_Services,92,0.6675996095913824,Sector
Kent,Business_Products,16,0.9072557315947919,Sector
Kent,Construction,42,0.6139931923190631,Sector
Kent,Services,27,0.8283525255266115,Sector
Kent,Mining,91,0.4226887453926741,Sector
Kent,Health_Care,24,0.4993593316562773,Sector
Kent,EnergyExpL_Prod,43,0.819342463139401,Sector
Kent,Utilities,2,0.3738476543723903,Sector
