parent,child,Count,Growth_Rate,Type
,Lake,793,0.5072624924149861,Overall
Lake,HiTech,56,0.16703857391944932,Sector
Lake,Agriculture,77,0.2608461467778267,Sector
Lake,Transportation,9,0.06904310254572055,Sector
Lake,Consumer_Products,40,0.39915220665843476,Sector
Lake,Unassigned,61,0.09721180329657819,Sector
Lake,Communication,60,0.8828881886329931,Sector
Lake,Trade,42,0.49299479021065085,Sector
Lake,Business_Services,28,0.6634488451458672,Sector
Lake,Business_Products,91,0.3880106189289283,Sector
Lake,Construction,59,0.8749924062179503,Sector
Lake,Services,81,0.9112882383949156,Sector
Lake,Mining,30,0.8106759646588195,Sector
Lake,Health_Care,55,0.4534531091132731,Sector
Lake,EnergyExpL_Prod,23,0.93548438905795,Sector
Lake,Utilities,81,0.20240900266543427,Sector
