parent,child,Count,Growth_Rate,Type
,Luce,764,0.536002862198341,Overall
Luce,HiTech,51,0.43912310556776657,Sector
Luce,Agriculture,48,0.4033516878700286,Sector
Luce,Transportation,63,0.943842387766943,Sector
Luce,Consumer_Products,73,0.028691404152845656,Sector
Luce,Unassigned,72,0.8659542322154536,Sector
Luce,Communication,69,0.5319146448967053,Sector
Luce,Trade,7,0.5634072592400409,Sector
Luce,Business_Services,53,0.25270072114217934,Sector
Luce,Business_Products,11,0.7362086440302154,Sector
Luce,Construction,94,0.7117813823942077,Sector
Luce,Services,54,0.4708970621329991,Sector
Luce,Mining,67,0.7135778994492777,Sector
Luce,Health_Care,26,0.06855145101786386,Sector
Luce,EnergyExpL_Prod,57,0.8842089600850724,Sector
Luce,Utilities,19,0.42583209101351505,Sector
