parent,child,Count,Growth_Rate,Type
,Wayne,551,0.48232875457465235,Overall
Wayne,HiTech,21,0.030005943223535447,Sector
Wayne,Agriculture,98,0.746572847867814,Sector
Wayne,Transportation,19,0.12054971145035287,Sector
Wayne,Consumer_Products,59,0.3221475261966089,Sector
Wayne,Unassigned,5,0.3004952044579293,Sector
Wayne,Communication,13,0.9096395844842137,Sector
Wayne,Trade,92,0.018375274275233777,Sector
Wayne,Business_Services,19,0.7074402343306057,Sector
Wayne,Business_Products,10,0.4445848365395273,Sector
Wayne,Construction,24,0.534592272453318,Sector
Wayne,Services,20,0.8607418047404295,Sector
Wayne,Mining,25,0.37494196850581973,Sector
Wayne,Health_Care,92,0.5490818339756722,Sector
Wayne,EnergyExpL_Prod,36,0.7199607064254969,Sector
Wayne,Utilities,18,0.5958015696932273,Sector
