parent,child,Count,Growth_Rate,Type
,Anoka,726,0.5020221028668347,Overall
Anoka,HiTech,31,0.3609382760903741,Sector
Anoka,Agriculture,77,0.029346766230523125,Sector
Anoka,Transportation,18,0.5865579082762266,Sector
Anoka,Consumer_Products,36,0.03978340558244109,Sector
Anoka,Unassigned,56,0.9391482310728435,Sector
Anoka,Communication,9,0.7527415476584598,Sector
Anoka,Trade,74,0.4116857429778913,Sector
Anoka,Business_Services,79,0.49530359086438125,Sector
Anoka,Business_Products,32,0.10960907863278757,Sector
Anoka,Construction,30,0.7947226074962269,Sector
Anoka,Services,75,0.7818271633118031,Sector
Anoka,Mining,47,0.10738834488566795,Sector
Anoka,Health_Care,41,0.9396735180012792,Sector
Anoka,EnergyExpL_Prod,44,0.9983508903852756,Sector
Anoka,Utilities,77,0.18325447153633845,Sector
