parent,child,Count,Growth_Rate,Type
,Clay,760,0.47660815239027593,Overall
Clay,HiTech,34,0.17333688466916852,Sector
Clay,Agriculture,98,0.5722902032312654,Sector
Clay,Transportation,65,0.6291572328682244,Sector
Clay,Consumer_Products,28,0.4109477491203902,Sector
Clay,Unassigned,9,0.8663787078422949,Sector
Clay,Communication,19,0.11718720420330087,Sector
Clay,Trade,67,0.4509813962288002,Sector
Clay,Business_Services,85,0.42183597974666276,Sector
Clay,Business_Products,46,0.27648640776604627,Sector
Clay,Construction,77,0.4043063776259981,Sector
Clay,Services,42,0.42807865392734146,Sector
Clay,Mining,48,0.3321492628086542,Sector
Clay,Health_Care,49,0.7250460786271513,Sector
Clay,EnergyExpL_Prod,12,0.9897706103581538,Sector
Clay,Utilities,81,0.35116953683068686,Sector
