parent,child,Count,Growth_Rate,Type
,Cass,659,0.4859878478125412,Overall
Cass,HiTech,23,0.48596200133290135,Sector
Cass,Agriculture,31,0.934476044676219,Sector
Cass,Transportation,77,0.3180882443525094,Sector
Cass,Consumer_Products,25,0.6401000292332302,Sector
Cass,Unassigned,23,0.07470912482911563,Sector
Cass,Communication,9,0.44219636880270474,Sector
Cass,Trade,63,0.5614312947507191,Sector
Cass,Business_Services,70,0.1822993434909762,Sector
Cass,Business_Products,54,0.8620310770871532,Sector
Cass,Construction,9,0.5658655679347865,Sector
Cass,Services,64,0.9457959018079214,Sector
Cass,Mining,30,0.47616321526231864,Sector
Cass,Health_Care,65,0.19906224031583775,Sector
Cass,EnergyExpL_Prod,49,0.27069258009638986,Sector
Cass,Utilities,67,0.3309446832153342,Sector
