parent,child,Count,Growth_Rate,Type
,Cook,788,0.564108504593873,Overall
Cook,HiTech,42,0.5557040197241999,Sector
Cook,Agriculture,28,0.6541590693827634,Sector
Cook,Transportation,30,0.315805522018348,Sector
Cook,Consumer_Products,9,0.7110901122415666,Sector
Cook,Unassigned,49,0.6858610393559648,Sector
Cook,Communication,12,0.9322089498735818,Sector
Cook,Trade,50,0.508659722502583,Sector
Cook,Business_Services,98,0.3910828411251188,Sector
Cook,Business_Products,82,0.19497644330155095,Sector
Cook,Construction,68,0.32996013774143185,Sector
Cook,Services,65,0.7658962732799364,Sector
Cook,Mining,10,0.7130499184504224,Sector
Cook,Health_Care,81,0.4654688483450503,Sector
Cook,EnergyExpL_Prod,99,0.3930120630248909,Sector
Cook,Utilities,65,0.8446926085406857,Sector
