parent,child,Count,Growth_Rate,Type
,Lake,847,0.4562072348373712,Overall
Lake,HiTech,52,0.5580454183183721,Sector
Lake,Agriculture,91,0.8419926987618642,Sector
Lake,Transportation,87,0.23593515677263122,Sector
Lake,Consumer_Products,86,0.2245866026231671,Sector
Lake,Unassigned,12,0.08756421839453277,Sector
Lake,Communication,53,0.5468339483731786,Sector
Lake,Trade,46,0.7610486433276002,Sector
Lake,Business_Services,52,0.8272269122741076,Sector
Lake,Business_Products,59,0.4139682912488025,Sector
Lake,Construction,60,0.4172577824052104,Sector
Lake,Services,83,0.9328173415821883,Sector
Lake,Mining,61,0.05295019307759474,Sector
Lake,Health_Care,35,0.6215115370443798,Sector
Lake,EnergyExpL_Prod,57,0.09898456432534752,Sector
Lake,Utilities,13,0.22238521403159117,Sector
