parent,child,Count,Growth_Rate,Type
,Lyon,759,0.5269181192947708,Overall
Lyon,HiTech,48,0.1988310110921816,Sector
Lyon,Agriculture,20,0.3457121293129596,Sector
Lyon,Transportation,82,0.8494052344178761,Sector
Lyon,Consumer_Products,61,0.39926353028581285,Sector
Lyon,Unassigned,24,0.0841781612685365,Sector
Lyon,Communication,26,0.5406786612596626,Sector
Lyon,Trade,38,0.29947552868996075,Sector
Lyon,Business_Services,5,0.5324508469875815,Sector
Lyon,Business_Products,63,0.7130227509291469,Sector
Lyon,Construction,53,0.800109617124547,Sector
Lyon,Services,42,0.4124138529641571,Sector
Lyon,Mining,62,0.9341401072244508,Sector
Lyon,Health_Care,98,0.5403689188093868,Sector
Lyon,EnergyExpL_Prod,90,0.6841107530033624,Sector
Lyon,Utilities,47,0.5696106860519401,Sector
