parent,child,Count,Growth_Rate,Type
,Polk,822,0.5635056336959843,Overall
Polk,HiTech,78,0.10181487602990169,Sector
Polk,Agriculture,56,0.5098381163969835,Sector
Polk,Transportation,78,0.4946354786985949,Sector
Polk,Consumer_Products,73,0.09367689829337078,Sector
Polk,Unassigned,68,0.49890468247961095,Sector
Polk,Communication,15,0.7837257806003515,Sector
Polk,Trade,65,0.9737118200712,Sector
Polk,Business_Services,34,0.23029737454508725,Sector
Polk,Business_Products,71,0.9754923594040585,Sector
Polk,Construction,66,0.8138604191097917,Sector
Polk,Services,58,0.4092002745506491,Sector
Polk,Mining,58,0.727099625302042,Sector
Polk,Health_Care,39,0.4923033373179847,Sector
Polk,EnergyExpL_Prod,7,0.576434367795439,Sector
Polk,Utilities,56,0.7715890948446996,Sector
