parent,child,Count,Growth_Rate,Type
,Pope,674,0.5419358929441157,Overall
Pope,HiTech,16,0.9094761582026862,Sector
Pope,Agriculture,23,0.262054890275465,Sector
Pope,Transportation,69,0.8842984154801253,Sector
Pope,Consumer_Products,33,0.6173037455434309,Sector
Pope,Unassigned,57,0.5628585317344508,Sector
Pope,Communication,14,0.9425774330716027,Sector
Pope,Trade,79,0.6750574931258595,Sector
Pope,Business_Services,89,0.7488911445314185,Sector
Pope,Business_Products,78,0.5073706986351325,Sector
Pope,Construction,35,0.14102650861069,Sector
Pope,Services,22,0.45018052702108424,Sector
Pope,Mining,53,0.18076936238349073,Sector
Pope,Health_Care,33,0.02427326424339482,Sector
Pope,EnergyExpL_Prod,9,0.5672580972493274,Sector
Pope,Utilities,64,0.6556421240535766,Sector
