parent,child,Count,Growth_Rate,Type
,Rice,943,0.4105484153379933,Overall
Rice,HiTech,90,0.8687516603215323,Sector
Rice,Agriculture,97,0.11968175496143252,Sector
Rice,Transportation,84,0.7636000300373418,Sector
Rice,Consumer_Products,0,0.24285724745255255,Sector
Rice,Unassigned,31,0.5060848277928751,Sector
Rice,Communication,81,0.3673286708874819,Sector
Rice,Trade,70,0.5391885986522809,Sector
Rice,Business_Services,99,0.08889169200161906,Sector
Rice,Business_Products,99,0.02679443594102293,Sector
Rice,Construction,30,0.39350963367451997,Sector
Rice,Services,32,0.2752022795500563,Sector
Rice,Mining,63,0.2772042172004653,Sector
Rice,Health_Care,61,0.7863693511271865,Sector
Rice,EnergyExpL_Prod,54,0.2392676632708297,Sector
Rice,Utilities,52,0.6634941671987017,Sector
