parent,child,Count,Growth_Rate,Type
,Rock,693,0.415012335070618,Overall
Rock,HiTech,52,0.15015960671113893,Sector
Rock,Agriculture,14,0.6595621974872817,Sector
Rock,Transportation,81,0.6490640056648117,Sector
Rock,Consumer_Products,51,0.08509490746926995,Sector
Rock,Unassigned,65,0.9529676584173502,Sector
Rock,Communication,56,0.13238905011860158,Sector
Rock,Trade,88,0.0735608551726662,Sector
Rock,Business_Services,10,0.5392498039665947,Sector
Rock,Business_Products,49,0.3046375787582525,Sector
Rock,Construction,64,0.3517381172163634,Sector
Rock,Services,71,0.33092062498353625,Sector
Rock,Mining,8,0.7480362617756035,Sector
Rock,Health_Care,60,0.1563261698919065,Sector
Rock,EnergyExpL_Prod,14,0.3954460755104465,Sector
Rock,Utilities,10,0.6960321129154452,Sector
