parent,child,Count,Growth_Rate,Type
,Todd,719,0.47152362380184876,Overall
Todd,HiTech,14,0.9278340748924085,Sector
Todd,Agriculture,21,0.7059254468639956,Sector
Todd,Transportation,22,0.08280243378212293,Sector
Todd,Consumer_Products,82,0.11372592584493735,Sector
Todd,Unassigned,41,0.12885894597043035,Sector
Todd,Communication,82,0.5820981838179209,Sector
Todd,Trade,58,0.011236028322716196,Sector
Todd,Business_Services,86,0.7078620805611073,Sector
Todd,Business_Products,70,0.5337887086074533,Sector
Todd,Construction,54,0.39804315425604253,Sector
Todd,Services,58,0.22622027495652408,Sector
Todd,Mining,69,0.4314571739796388,Sector
Todd,Health_Care,51,0.6759534139689375,Sector
Todd,EnergyExpL_Prod,1,0.9646938873892715,Sector
Todd,Utilities,10,0.5823546238142238,Sector
