parent,child,Count,Growth_Rate,Type
,Amite,874,0.4662712744068431,Overall
Amite,HiTech,78,0.20723512873934735,Sector
Amite,Agriculture,95,0.8265169886111182,Sector
Amite,Transportation,8,0.09295429500268615,Sector
Amite,Consumer_Products,73,0.9380549309853765,Sector
Amite,Unassigned,40,0.17659106339878283,Sector
Amite,Communication,2,0.3011828151726058,Sector
Amite,Trade,86,0.6665421662404786,Sector
Amite,Business_Services,94,0.4540280907558808,Sector
Amite,Business_Products,13,0.609731365671756,Sector
Amite,Construction,32,0.9335041869744366,Sector
Amite,Services,68,0.5397608444055704,Sector
Amite,Mining,51,0.7330941561615419,Sector
Amite,Health_Care,99,0.023729441468027357,Sector
Amite,EnergyExpL_Prod,87,0.017711681851703465,Sector
Amite,Utilities,48,0.47343196066333326,Sector
