parent,child,Count,Growth_Rate,Type
,Clay,637,0.5246345442033601,Overall
Clay,HiTech,99,0.9483774775689803,Sector
Clay,Agriculture,38,0.6216072674823439,Sector
Clay,Transportation,63,0.21719860077484288,Sector
Clay,Consumer_Products,36,0.303727291228177,Sector
Clay,Unassigned,59,0.3701584387037111,Sector
Clay,Communication,32,0.6646962478329027,Sector
Clay,Trade,60,0.287061367017714,Sector
Clay,Business_Services,23,0.8463818798214677,Sector
Clay,Business_Products,48,0.7066188594521841,Sector
Clay,Construction,89,0.2407253897592181,Sector
Clay,Services,49,0.7047482552805319,Sector
Clay,Mining,9,0.4017060184558361,Sector
Clay,Health_Care,9,0.19372453544811497,Sector
Clay,EnergyExpL_Prod,15,0.9498253018614601,Sector
Clay,Utilities,8,0.41296123236291715,Sector
