parent,child,Count,Growth_Rate,Type
,Hinds,675,0.5489198580316574,Overall
Hinds,HiTech,23,0.9744104445915429,Sector
Hinds,Agriculture,13,0.4525578903699341,Sector
Hinds,Transportation,97,0.9620065922468994,Sector
Hinds,Consumer_Products,61,0.8623377875683412,Sector
Hinds,Unassigned,26,0.8284529429359954,Sector
Hinds,Communication,52,0.17944752452489487,Sector
Hinds,Trade,80,0.09080065484889,Sector
Hinds,Business_Services,37,0.8772061626716102,Sector
Hinds,Business_Products,41,0.35538364238490827,Sector
Hinds,Construction,54,0.3224355478969956,Sector
Hinds,Services,18,0.23982376660197724,Sector
Hinds,Mining,39,0.9606239282000534,Sector
Hinds,Health_Care,10,0.44597892773228154,Sector
Hinds,EnergyExpL_Prod,80,0.23642843250891188,Sector
Hinds,Utilities,44,0.44590362539162587,Sector
