parent,child,Count,Growth_Rate,Type
,Jones,725,0.49239137626079865,Overall
Jones,HiTech,18,0.14160310583165747,Sector
Jones,Agriculture,42,0.17725670355662304,Sector
Jones,Transportation,77,0.20069242573895452,Sector
Jones,Consumer_Products,35,0.42667124592213745,Sector
Jones,Unassigned,12,0.8276823492993823,Sector
Jones,Communication,98,0.9892745015528738,Sector
Jones,Trade,53,0.8335212322408023,Sector
Jones,Business_Services,66,0.010591204548224376,Sector
Jones,Business_Products,81,0.8209990721236311,Sector
Jones,Construction,60,0.4842572072535877,Sector
Jones,Services,28,0.8054205612145225,Sector
Jones,Mining,7,0.7065819467902378,Sector
Jones,Health_Care,53,0.5213203898386257,Sector
Jones,EnergyExpL_Prod,77,0.3535863804876245,Sector
Jones,Utilities,18,0.08641231751309453,Sector
