parent,child,Count,Growth_Rate,Type
,Lee,649,0.4536937851111935,Overall
Lee,HiTech,58,0.9093524409927832,Sector
Lee,Agriculture,82,0.8144697888361395,Sector
Lee,Transportation,16,0.7307859078691341,Sector
Lee,Consumer_Products,22,0.3541322391823767,Sector
Lee,Unassigned,76,0.36893451502550156,Sector
Lee,Communication,34,0.0643919354857031,Sector
Lee,Trade,10,0.21834628860550886,Sector
Lee,Business_Services,23,0.9394959190294604,Sector
Lee,Business_Products,43,0.26095914602715875,Sector
Lee,Construction,71,0.868883878720723,Sector
Lee,Services,15,0.24117388280414265,Sector
Lee,Mining,38,0.1372911390785908,Sector
Lee,Health_Care,66,0.18115423717996582,Sector
Lee,EnergyExpL_Prod,15,0.5015645062481152,Sector
Lee,Utilities,80,0.21447095158259888,Sector
