parent,child,Count,Growth_Rate,Type
,Perry,697,0.47129465319622216,Overall
Perry,HiTech,19,0.2989112673389678,Sector
Perry,Agriculture,23,0.16066121322120308,Sector
Perry,Transportation,14,0.7172413213303606,Sector
Perry,Consumer_Products,53,0.4272111054912052,Sector
Perry,Unassigned,41,0.9551687945791798,Sector
Perry,Communication,1,0.24929037513620655,Sector
Perry,Trade,2,0.9844985177748486,Sector
Perry,Business_Services,59,0.3027816952039736,Sector
Perry,Business_Products,98,0.28478059575204484,Sector
Perry,Construction,12,0.33937826056290954,Sector
Perry,Services,88,0.29400272794691684,Sector
Perry,Mining,90,0.5085652504328804,Sector
Perry,Health_Care,37,0.6817362074282657,Sector
Perry,EnergyExpL_Prod,99,0.2582451212742807,Sector
Perry,Utilities,61,0.6069473444700892,Sector
