parent,child,Count,Growth_Rate,Type
,Pike,723,0.5339704499316708,Overall
Pike,HiTech,74,0.9170826825725914,Sector
Pike,Agriculture,69,0.7144631328523621,Sector
Pike,Transportation,56,0.09858050618253522,Sector
Pike,Consumer_Products,43,0.5674357366469025,Sector
Pike,Unassigned,2,0.7016037264237085,Sector
Pike,Communication,36,0.8417317254774485,Sector
Pike,Trade,18,0.39390933030404607,Sector
Pike,Business_Services,51,0.34662269380377364,Sector
Pike,Business_Products,10,0.6820040120349142,Sector
Pike,Construction,95,0.8412224501430908,Sector
Pike,Services,51,0.15012192953884684,Sector
Pike,Mining,49,0.322305521103439,Sector
Pike,Health_Care,70,0.38566898999093213,Sector
Pike,EnergyExpL_Prod,16,0.2988419728875219,Sector
Pike,Utilities,83,0.7479623390129492,Sector
