parent,child,Count,Growth_Rate,Type
,Smith,847,0.5215715611424891,Overall
Smith,HiTech,23,0.41244796413521556,Sector
Smith,Agriculture,54,0.41202551083420635,Sector
Smith,Transportation,45,0.7300216635410632,Sector
Smith,Consumer_Products,94,0.5734201587384555,Sector
Smith,Unassigned,17,0.9757989500528298,Sector
Smith,Communication,82,0.8317411957256571,Sector
Smith,Trade,28,0.19318458961066476,Sector
Smith,Business_Services,70,0.8749271239087567,Sector
Smith,Business_Products,80,0.22886667435177777,Sector
Smith,Construction,50,0.9377965400152745,Sector
Smith,Services,81,0.4244317120855111,Sector
Smith,Mining,54,0.7557560417254782,Sector
Smith,Health_Care,82,0.2654471397995559,Sector
Smith,EnergyExpL_Prod,42,0.027646008525471166,Sector
Smith,Utilities,45,0.18006214408742038,Sector
