parent,child,Count,Growth_Rate,Type
,Scott,676,0.49510559062946574,Overall
Scott,HiTech,10,0.6824362210338119,Sector
Scott,Agriculture,3,0.7093755903610851,Sector
Scott,Transportation,60,0.39300501850756353,Sector
Scott,Consumer_Products,80,0.7703569469685966,Sector
Scott,Unassigned,72,0.45022377641501776,Sector
Scott,Communication,42,0.5269848008191897,Sector
Scott,Trade,49,0.6319464601841893,Sector
Scott,Business_Services,66,0.046524702533248474,Sector
Scott,Business_Products,17,0.35633944698157205,Sector
Scott,Construction,86,0.21299878408973627,Sector
Scott,Services,26,0.6373483475075266,Sector
Scott,Mining,15,0.23797724475211912,Sector
Scott,Health_Care,36,0.7630764537255251,Sector
Scott,EnergyExpL_Prod,97,0.7915079392232812,Sector
Scott,Utilities,17,0.2164821263395239,Sector
