parent,child,Count,Growth_Rate,Type
,Stone,699,0.2951995623491948,Overall
Stone,HiTech,33,0.11232119517829109,Sector
Stone,Agriculture,51,0.8958042757933673,Sector
Stone,Transportation,5,0.018443845934888015,Sector
Stone,Consumer_Products,71,0.08715551007761657,Sector
Stone,Unassigned,3,0.16461429832451913,Sector
Stone,Communication,42,0.18148451052379078,Sector
Stone,Trade,43,0.22613626221869765,Sector
Stone,Business_Services,83,0.183895198771457,Sector
Stone,Business_Products,80,0.6629562628527931,Sector
Stone,Construction,21,0.19271638856666018,Sector
Stone,Services,14,0.000237166682244494,Sector
Stone,Mining,56,0.08078061919543222,Sector
Stone,Health_Care,89,0.5322608610422171,Sector
Stone,EnergyExpL_Prod,97,0.7086038928893733,Sector
Stone,Utilities,11,0.3805831471865735,Sector
