parent,child,Count,Growth_Rate,Type
,Barry,951,0.48585770796421424,Overall
Barry,HiTech,28,0.21346768338245692,Sector
Barry,Agriculture,86,0.6205673859455969,Sector
Barry,Transportation,12,0.2332686760180639,Sector
Barry,Consumer_Products,84,0.07846526438350754,Sector
Barry,Unassigned,87,0.39405479794875686,Sector
Barry,Communication,91,0.7467620049019817,Sector
Barry,Trade,11,0.2675046777326051,Sector
Barry,Business_Services,96,0.28814526849299715,Sector
Barry,Business_Products,28,0.6981851637714657,Sector
Barry,Construction,79,0.2199924146686001,Sector
Barry,Services,87,0.9720854878790358,Sector
Barry,Mining,89,0.6154882542941232,Sector
Barry,Health_Care,40,0.16040483599595812,Sector
Barry,EnergyExpL_Prod,85,0.9989389802262899,Sector
Barry,Utilities,48,0.7805347238217739,Sector
