parent,child,Count,Growth_Rate,Type
,Adair,632,0.3863989786765962,Overall
Adair,HiTech,43,0.8678058995201816,Sector
Adair,Agriculture,93,0.5350324249941779,Sector
Adair,Transportation,61,0.6933035066511336,Sector
Adair,Consumer_Products,60,0.28314520049402536,Sector
Adair,Unassigned,9,0.3444720877529762,Sector
Adair,Communication,0,0.012542230908592855,Sector
Adair,Trade,11,0.1643161055778246,Sector
Adair,Business_Services,44,0.6021937038073292,Sector
Adair,Business_Products,5,0.7254759034766638,Sector
Adair,Construction,52,0.29463645746613776,Sector
Adair,Services,58,0.8590966009224968,Sector
Adair,Mining,94,0.004726934222917478,Sector
Adair,Health_Care,41,0.08311323189042652,Sector
Adair,EnergyExpL_Prod,5,0.2682499674790667,Sector
Adair,Utilities,56,0.05787442498499307,Sector
