parent,child,Count,Growth_Rate,Type
,Boone,788,0.4922292791269134,Overall
Boone,HiTech,76,0.9397764138043838,Sector
Boone,Agriculture,82,0.08984956510085818,Sector
Boone,Transportation,73,0.41158716480705093,Sector
Boone,Consumer_Products,51,0.4432689027508634,Sector
Boone,Unassigned,23,0.17471557874909627,Sector
Boone,Communication,67,0.2860811349723865,Sector
Boone,Trade,38,0.6672000582373021,Sector
Boone,Business_Services,20,0.7482366969674445,Sector
Boone,Business_Products,13,0.4298922202282145,Sector
Boone,Construction,94,0.6101163030429622,Sector
Boone,Services,4,0.15111779636596256,Sector
Boone,Mining,68,0.28634196657484134,Sector
Boone,Health_Care,54,0.749978063640514,Sector
Boone,EnergyExpL_Prod,34,0.9807928514886035,Sector
Boone,Utilities,91,0.41448447017321666,Sector
