parent,child,Count,Growth_Rate,Type
,Cass,941,0.5773860014436608,Overall
Cass,HiTech,57,0.12141006305524527,Sector
Cass,Agriculture,71,0.8272806265948256,Sector
Cass,Transportation,77,0.7275976812727071,Sector
Cass,Consumer_Products,31,0.1520897055913918,Sector
Cass,Unassigned,88,0.24441971054816258,Sector
Cass,Communication,83,0.7622146879451003,Sector
Cass,Trade,91,0.912107818439809,Sector
Cass,Business_Services,57,0.9082334852859358,Sector
Cass,Business_Products,26,0.482464458230765,Sector
Cass,Construction,45,0.23953186714833719,Sector
Cass,Services,89,0.7787612637517846,Sector
Cass,Mining,0,0.829931644258215,Sector
Cass,Health_Care,88,0.5734031059713122,Sector
Cass,EnergyExpL_Prod,98,0.4042228892663159,Sector
Cass,Utilities,40,0.6971210142950058,Sector
