parent,child,Count,Growth_Rate,Type
,Dent,990,0.6261115087566446,Overall
Dent,HiTech,76,0.29773910648566737,Sector
Dent,Agriculture,77,0.9211241459181637,Sector
Dent,Transportation,97,0.009043100867149212,Sector
Dent,Consumer_Products,18,0.843828238750021,Sector
Dent,Unassigned,7,0.8017819552197754,Sector
Dent,Communication,96,0.8659554518018593,Sector
Dent,Trade,77,0.6386760689609965,Sector
Dent,Business_Services,84,0.2070990968441968,Sector
Dent,Business_Products,92,0.501724965109434,Sector
Dent,Construction,64,0.7174677277558926,Sector
Dent,Services,94,0.9464294259917488,Sector
Dent,Mining,45,0.9698095163622901,Sector
Dent,Health_Care,45,0.513788090574542,Sector
Dent,EnergyExpL_Prod,47,0.8970014658173346,Sector
Dent,Utilities,71,0.2602042748905977,Sector
