parent,child,Count,Growth_Rate,Type
,Henry,668,0.4316983857842905,Overall
Henry,HiTech,35,0.7748826527961445,Sector
Henry,Agriculture,15,0.6392662956667512,Sector
Henry,Transportation,41,0.005371829696698582,Sector
Henry,Consumer_Products,17,0.0018338595703574212,Sector
Henry,Unassigned,74,0.06430133445956365,Sector
Henry,Communication,30,0.40679676878217164,Sector
Henry,Trade,71,0.7383860558420079,Sector
Henry,Business_Services,27,0.7822039477261513,Sector
Henry,Business_Products,2,0.4219258460418076,Sector
Henry,Construction,77,0.3738799651250502,Sector
Henry,Services,40,0.05659196520549681,Sector
Henry,Mining,72,0.9583517941096875,Sector
Henry,Health_Care,55,0.8560501293479833,Sector
Henry,EnergyExpL_Prod,91,0.27991355038034527,Sector
Henry,Utilities,21,0.11571979201413896,Sector
