parent,child,Count,Growth_Rate,Type
,Holt,713,0.4857423939711628,Overall
Holt,HiTech,51,0.3369148282662162,Sector
Holt,Agriculture,15,0.030099671239183334,Sector
Holt,Transportation,2,0.9222489197418471,Sector
Holt,Consumer_Products,76,0.4895810473183916,Sector
Holt,Unassigned,43,0.8860685288683683,Sector
Holt,Communication,36,0.7291196090200497,Sector
Holt,Trade,27,0.7791410374063252,Sector
Holt,Business_Services,30,0.07621836707377316,Sector
Holt,Business_Products,85,0.9824390423441821,Sector
Holt,Construction,89,0.05931214705219712,Sector
Holt,Services,65,0.7241026030004646,Sector
Holt,Mining,39,0.7254943583360559,Sector
Holt,Health_Care,32,0.4541937511273366,Sector
Holt,EnergyExpL_Prod,24,0.062809995768078,Sector
Holt,Utilities,99,0.028392003004973132,Sector
