parent,child,Count,Growth_Rate,Type
,Iron,565,0.5130310586016545,Overall
Iron,HiTech,1,0.22087600549672837,Sector
Iron,Agriculture,43,0.8928624626025154,Sector
Iron,Transportation,74,0.9829250938736538,Sector
Iron,Consumer_Products,64,0.6581034990183973,Sector
Iron,Unassigned,25,0.01485856852602363,Sector
Iron,Communication,15,0.22239450577122244,Sector
Iron,Trade,44,0.3935344893338366,Sector
Iron,Business_Services,7,0.4783294613886955,Sector
Iron,Business_Products,21,0.7222529257216806,Sector
Iron,Construction,38,0.49984515738285196,Sector
Iron,Services,31,0.5683667458687357,Sector
Iron,Mining,62,0.4970938870771273,Sector
Iron,Health_Care,29,0.6511144798206616,Sector
Iron,EnergyExpL_Prod,60,0.09944989392555048,Sector
Iron,Utilities,51,0.793458703217138,Sector
