parent,child,Count,Growth_Rate,Type
,Knox,709,0.36800706233095587,Overall
Knox,HiTech,35,0.5324412557641215,Sector
Knox,Agriculture,92,0.26792430765473474,Sector
Knox,Transportation,32,0.321562586573113,Sector
Knox,Consumer_Products,81,0.2050044957671554,Sector
Knox,Unassigned,19,0.49737489688791403,Sector
Knox,Communication,82,0.8574537268382577,Sector
Knox,Trade,63,0.23672535986304588,Sector
Knox,Business_Services,76,0.17930793630178754,Sector
Knox,Business_Products,90,0.1318209836697508,Sector
Knox,Construction,5,0.2800889258069008,Sector
Knox,Services,13,0.6314482186667276,Sector
Knox,Mining,46,0.022976060108921392,Sector
Knox,Health_Care,17,0.3171463362979581,Sector
Knox,EnergyExpL_Prod,48,0.055354016283545415,Sector
Knox,Utilities,10,0.9834768284804033,Sector
