parent,child,Count,Growth_Rate,Type
,Linn,712,0.49493695073123095,Overall
Linn,HiTech,98,0.1969187927802234,Sector
Linn,Agriculture,29,0.6606841739907736,Sector
Linn,Transportation,37,0.34273240332638,Sector
Linn,Consumer_Products,38,0.884820119494413,Sector
Linn,Unassigned,52,0.06937577538231654,Sector
Linn,Communication,22,0.9476977826280919,Sector
Linn,Trade,28,0.8748427503955675,Sector
Linn,Business_Services,16,0.9845292210427067,Sector
Linn,Business_Products,86,0.060423214026857464,Sector
Linn,Construction,65,0.8440751275032824,Sector
Linn,Services,67,0.08143928441870074,Sector
Linn,Mining,7,0.19861468128033688,Sector
Linn,Health_Care,46,0.4731441331918683,Sector
Linn,EnergyExpL_Prod,68,0.7828398971997151,Sector
Linn,Utilities,53,0.021916904307230145,Sector
