parent,child,Count,Growth_Rate,Type
,Ozark,877,0.49429863218912673,Overall
Ozark,HiTech,26,0.8641623010608905,Sector
Ozark,Agriculture,78,0.29675735722745167,Sector
Ozark,Transportation,93,0.8469763244663698,Sector
Ozark,Consumer_Products,20,0.31158042803366515,Sector
Ozark,Unassigned,98,0.5682786273610037,Sector
Ozark,Communication,67,0.5756332759324739,Sector
Ozark,Trade,33,0.1699297668244687,Sector
Ozark,Business_Services,43,0.9716348499685558,Sector
Ozark,Business_Products,72,0.7037500484584271,Sector
Ozark,Construction,63,0.025626590392538007,Sector
Ozark,Services,30,0.3195613809089741,Sector
Ozark,Mining,82,0.40214136490846697,Sector
Ozark,Health_Care,58,0.4017365237498146,Sector
Ozark,EnergyExpL_Prod,18,0.000943555340548019,Sector
Ozark,Utilities,96,0.9557670882032528,Sector
