parent,child,Count,Growth_Rate,Type
,Perry,644,0.3703700589838803,Overall
Perry,HiTech,5,0.08281930185708464,Sector
Perry,Agriculture,50,0.5924213307268302,Sector
Perry,Transportation,25,0.7037088325346335,Sector
Perry,Consumer_Products,45,0.8948686903335861,Sector
Perry,Unassigned,60,0.5931746150099054,Sector
Perry,Communication,56,0.19509191242661672,Sector
Perry,Trade,29,0.7619766398481638,Sector
Perry,Business_Services,41,0.015338012727541983,Sector
Perry,Business_Products,78,0.07733931104002623,Sector
Perry,Construction,49,0.1941100492040324,Sector
Perry,Services,2,0.21731846874010363,Sector
Perry,Mining,66,0.37263664116289186,Sector
Perry,Health_Care,32,0.010726915821296479,Sector
Perry,EnergyExpL_Prod,32,0.31045945037398126,Sector
Perry,Utilities,74,0.5335607129515115,Sector
