parent,child,Count,Growth_Rate,Type
,Polk,799,0.45319785605231117,Overall
Polk,HiTech,28,0.14255673957237747,Sector
Polk,Agriculture,87,0.04926129827193626,Sector
Polk,Transportation,75,0.22649804692567121,Sector
Polk,Consumer_Products,25,0.12032421648474623,Sector
Polk,Unassigned,30,0.8018976663848136,Sector
Polk,Communication,58,0.0917676273111322,Sector
Polk,Trade,35,0.5007531765236243,Sector
Polk,Business_Services,30,0.9212612038553016,Sector
Polk,Business_Products,22,0.6387883058276358,Sector
Polk,Construction,42,0.8360134533137473,Sector
Polk,Services,94,0.1394829420020708,Sector
Polk,Mining,83,0.6138779515195805,Sector
Polk,Health_Care,87,0.30175100563462465,Sector
Polk,EnergyExpL_Prod,18,0.8057479472657096,Sector
Polk,Utilities,85,0.6079862598916953,Sector
