parent,child,Count,Growth_Rate,Type
,Ray,865,0.3600714175569798,Overall
Ray,HiTech,80,0.1864182424634735,Sector
Ray,Agriculture,88,0.04153999028787758,Sector
Ray,Transportation,77,0.419738689310045,Sector
Ray,Consumer_Products,39,0.2557730898889987,Sector
Ray,Unassigned,46,0.5088707410083521,Sector
Ray,Communication,75,0.23501241433567044,Sector
Ray,Trade,83,0.2429060734281867,Sector
Ray,Business_Services,66,0.24366140550405768,Sector
Ray,Business_Products,35,0.21461021122108748,Sector
Ray,Construction,12,0.2099350722394422,Sector
Ray,Services,3,0.3499369092423016,Sector
Ray,Mining,83,0.6346609084482995,Sector
Ray,Health_Care,70,0.8535653280774188,Sector
Ray,EnergyExpL_Prod,30,0.3009542644547789,Sector
Ray,Utilities,78,0.7034879234447066,Sector
