parent,child,Count,Growth_Rate,Type
,Ralls,959,0.4574959786852396,Overall
Ralls,HiTech,76,0.7353280601627417,Sector
Ralls,Agriculture,86,0.5973879784761573,Sector
Ralls,Transportation,61,0.11958226564504049,Sector
Ralls,Consumer_Products,68,0.8673820405942823,Sector
Ralls,Unassigned,65,0.12218600698643411,Sector
Ralls,Communication,10,0.2914461689942035,Sector
Ralls,Trade,9,0.886238539870556,Sector
Ralls,Business_Services,92,0.002196405007183211,Sector
Ralls,Business_Products,98,0.8486104140830933,Sector
Ralls,Construction,64,0.12159894012110262,Sector
Ralls,Services,97,0.5197676124968745,Sector
Ralls,Mining,97,0.41445950635785855,Sector
Ralls,Health_Care,72,0.06882638777236971,Sector
Ralls,EnergyExpL_Prod,1,0.35512141731772473,Sector
Ralls,Utilities,63,0.9123079363929727,Sector
