parent,child,Count,Growth_Rate,Type
,Wayne,981,0.5171241551069788,Overall
Wayne,HiTech,98,0.3540202222588419,Sector
Wayne,Agriculture,78,0.9818484733252377,Sector
Wayne,Transportation,82,0.5293430906674612,Sector
Wayne,Consumer_Products,55,0.4829792985439696,Sector
Wayne,Unassigned,75,0.0007227894585423167,Sector
Wayne,Communication,30,0.14652365782248578,Sector
Wayne,Trade,33,0.9682643350460047,Sector
Wayne,Business_Services,87,0.23295372532279002,Sector
Wayne,Business_Products,64,0.7905625034101667,Sector
Wayne,Construction,56,0.4997619595032414,Sector
Wayne,Services,93,0.8359035979305479,Sector
Wayne,Mining,94,0.6052360641673341,Sector
Wayne,Health_Care,48,0.5810748393781177,Sector
Wayne,EnergyExpL_Prod,79,0.7117331485857272,Sector
Wayne,Utilities,9,0.03593462118421398,Sector
