parent,child,Count,Growth_Rate,Type
,Hill,861,0.4986058687896819,Overall
Hill,HiTech,60,0.5376578598956212,Sector
Hill,Agriculture,43,0.9276946550380135,Sector
Hill,Transportation,82,0.5858406350699015,Sector
Hill,Consumer_Products,31,0.4447296662867155,Sector
Hill,Unassigned,77,0.3420295316737463,Sector
Hill,Communication,86,0.2570777815168662,Sector
Hill,Trade,78,0.9989265007951477,Sector
Hill,Business_Services,97,0.1384654843421247,Sector
Hill,Business_Products,35,0.44332559367467284,Sector
Hill,Construction,61,0.4411108195862441,Sector
Hill,Services,72,0.6003433325395978,Sector
Hill,Mining,7,0.4338344473134632,Sector
Hill,Health_Care,15,0.6773135879524572,Sector
Hill,EnergyExpL_Prod,85,0.40345232322465474,Sector
Hill,Utilities,32,0.2472858129360015,Sector
