parent,child,Count,Growth_Rate,Type
,Park,613,0.4527918051936338,Overall
Park,HiTech,22,0.6713236918003498,Sector
Park,Agriculture,68,0.24579526720294853,Sector
Park,Transportation,43,0.999411506402322,Sector
Park,Consumer_Products,51,0.5766038888504783,Sector
Park,Unassigned,26,0.31997127173242734,Sector
Park,Communication,23,0.4611502982276765,Sector
Park,Trade,0,0.07692955583868621,Sector
Park,Business_Services,81,0.3257248720478251,Sector
Park,Business_Products,10,0.0664576499454097,Sector
Park,Construction,70,0.10159944188129222,Sector
Park,Services,76,0.88819860853924,Sector
Park,Mining,16,0.10530064879736989,Sector
Park,Health_Care,96,0.6878129410194,Sector
Park,EnergyExpL_Prod,16,0.49871465167443707,Sector
Park,Utilities,15,0.7668827839446442,Sector
