parent,child,Count,Growth_Rate,Type
,Teton,633,0.44875345046675114,Overall
Teton,HiTech,43,0.3521487149850945,Sector
Teton,Agriculture,70,0.5669874394280331,Sector
Teton,Transportation,33,0.4185103583230425,Sector
Teton,Consumer_Products,71,0.47732818879473093,Sector
Teton,Unassigned,10,0.0963237069586177,Sector
Teton,Communication,93,0.8058720621898117,Sector
Teton,Trade,1,0.45395600451011464,Sector
Teton,Business_Services,14,0.7363659202547979,Sector
Teton,Business_Products,23,0.026766615109736103,Sector
Teton,Construction,33,0.5299271413711467,Sector
Teton,Services,78,0.8655677713447183,Sector
Teton,Mining,78,0.227774644431175,Sector
Teton,Health_Care,54,0.3646537719632905,Sector
Teton,EnergyExpL_Prod,22,0.7660258052049409,Sector
Teton,Utilities,10,0.043093612132017345,Sector
