parent,child,Count,Growth_Rate,Type
,Adams,810,0.43331910974907756,Overall
Adams,HiTech,38,0.12681251644543945,Sector
Adams,Agriculture,35,0.0899558598203195,Sector
Adams,Transportation,60,0.15514004504771084,Sector
Adams,Consumer_Products,33,0.07221708833674223,Sector
Adams,Unassigned,46,0.06300052570320847,Sector
Adams,Communication,77,0.8591646398018793,Sector
Adams,Trade,23,0.6360566352287962,Sector
Adams,Business_Services,95,0.6694694742032907,Sector
Adams,Business_Products,80,0.4374665543993569,Sector
Adams,Construction,55,0.3938523029913814,Sector
Adams,Services,36,0.6186476413593427,Sector
Adams,Mining,2,0.8338839473319759,Sector
Adams,Health_Care,79,0.7115471193227983,Sector
Adams,EnergyExpL_Prod,55,0.20107569638725697,Sector
Adams,Utilities,96,0.631496599856666,Sector
