parent,child,Count,Growth_Rate,Type
,Boone,771,0.48323195354243004,Overall
Boone,HiTech,86,0.7715050108589692,Sector
Boone,Agriculture,56,0.38102326324221714,Sector
Boone,Transportation,80,0.9159078941283757,Sector
Boone,Consumer_Products,58,0.9702152656518694,Sector
Boone,Unassigned,14,0.20577303460142105,Sector
Boone,Communication,33,0.35520921223107904,Sector
Boone,Trade,85,0.2623332043235075,Sector
Boone,Business_Services,15,0.19036906670533538,Sector
Boone,Business_Products,28,0.45595859940096395,Sector
Boone,Construction,74,0.14709268068178327,Sector
Boone,Services,81,0.49220650182793757,Sector
Boone,Mining,94,0.2525377131440186,Sector
Boone,Health_Care,4,0.31754730385526997,Sector
Boone,EnergyExpL_Prod,44,0.7917283170968477,Sector
Boone,Utilities,19,0.7390722353868541,Sector
