parent,child,Count,Growth_Rate,Type
,Boyd,667,0.6408512565369731,Overall
Boyd,HiTech,96,0.4066356967086493,Sector
Boyd,Agriculture,11,0.9992740306140007,Sector
Boyd,Transportation,55,0.6506263661707213,Sector
Boyd,Consumer_Products,45,0.48911898373023055,Sector
Boyd,Unassigned,33,0.7945025555948189,Sector
Boyd,Communication,97,0.6897131602998045,Sector
Boyd,Trade,60,0.3915475875125197,Sector
Boyd,Business_Services,38,0.5625310568720765,Sector
Boyd,Business_Products,17,0.902158126452664,Sector
Boyd,Construction,95,0.5871060534393981,Sector
Boyd,Services,30,0.9365859479579425,Sector
Boyd,Mining,6,0.6530909958609951,Sector
Boyd,Health_Care,23,0.5601313505193225,Sector
Boyd,EnergyExpL_Prod,50,0.125826090831897,Sector
Boyd,Utilities,11,0.8639208454895556,Sector
