parent,child,Count,Growth_Rate,Type
,Brown,678,0.40463425579587253,Overall
Brown,HiTech,67,0.8019077898348665,Sector
Brown,Agriculture,60,0.468773589613507,Sector
Brown,Transportation,28,0.2856418457121316,Sector
Brown,Consumer_Products,56,0.19636204778389976,Sector
Brown,Unassigned,33,0.14386552238668315,Sector
Brown,Communication,87,0.33055064918424903,Sector
Brown,Trade,58,0.6712503490558013,Sector
Brown,Business_Services,84,0.24459396683196855,Sector
Brown,Business_Products,27,0.0819240599543537,Sector
Brown,Construction,52,0.7679391588092479,Sector
Brown,Services,47,0.3679598547334102,Sector
Brown,Mining,1,0.6657121495631434,Sector
Brown,Health_Care,50,0.6128947376263735,Sector
Brown,EnergyExpL_Prod,12,0.4207529545647073,Sector
Brown,Utilities,16,0.009385161283745336,Sector
