parent,child,Count,Growth_Rate,Type
,Burt,574,0.47987710728563315,Overall
Burt,HiTech,66,0.402482864196938,Sector
Burt,Agriculture,27,0.5969843538032104,Sector
Burt,Transportation,48,0.5989464133833093,Sector
Burt,Consumer_Products,42,0.38768587523702613,Sector
Burt,Unassigned,32,0.9742404316541758,Sector
Burt,Communication,73,2.360404944534711e-05,Sector
Burt,Trade,59,0.7972351287187586,Sector
Burt,Business_Services,30,0.8958056372980086,Sector
Burt,Business_Products,48,0.047064718765346236,Sector
Burt,Construction,11,0.22361289613550783,Sector
Burt,Services,4,0.7852600996378223,Sector
Burt,Mining,3,0.45995879883971436,Sector
Burt,Health_Care,46,0.1007231184178593,Sector
Burt,EnergyExpL_Prod,77,0.44642694672888783,Sector
Burt,Utilities,8,0.4817057224184863,Sector
