parent,child,Count,Growth_Rate,Type
,Cass,644,0.5454740611047941,Overall
Cass,HiTech,3,0.9922474359551019,Sector
Cass,Agriculture,36,0.03581925425032495,Sector
Cass,Transportation,17,0.4485280450921386,Sector
Cass,Consumer_Products,0,0.5014372650131206,Sector
Cass,Unassigned,93,0.35668249876018154,Sector
Cass,Communication,23,0.7481983116520478,Sector
Cass,Trade,1,0.7115128930002984,Sector
Cass,Business_Services,86,0.8585157325660758,Sector
Cass,Business_Products,83,0.736893209110096,Sector
Cass,Construction,17,0.17359641554534666,Sector
Cass,Services,84,0.18618991104847538,Sector
Cass,Mining,41,0.6088414539514886,Sector
Cass,Health_Care,38,0.8792214139229371,Sector
Cass,EnergyExpL_Prod,81,0.3761473353771698,Sector
Cass,Utilities,41,0.5682797413271068,Sector
