parent,child,Count,Growth_Rate,Type
,Clay,897,0.4569269876743151,Overall
Clay,HiTech,71,0.9506601968129383,Sector
Clay,Agriculture,93,0.5326014716591188,Sector
Clay,Transportation,2,0.012997766828883872,Sector
Clay,Consumer_Products,81,0.8511775971145851,Sector
Clay,Unassigned,99,0.21918830712465898,Sector
Clay,Communication,5,0.1463239845157015,Sector
Clay,Trade,44,0.6461735877184227,Sector
Clay,Business_Services,42,0.5379368985177274,Sector
Clay,Business_Products,49,0.7284140617655989,Sector
Clay,Construction,83,0.21542305590413613,Sector
Clay,Services,88,0.24041581065429352,Sector
Clay,Mining,25,0.10043489779995973,Sector
Clay,Health_Care,44,0.9686690651926042,Sector
Clay,EnergyExpL_Prod,80,0.4040165128274914,Sector
Clay,Utilities,91,0.299471600678607,Sector
