parent,child,Count,Growth_Rate,Type
,Deuel,854,0.5669482731001296,Overall
Deuel,HiTech,98,0.6711956576802759,Sector
Deuel,Agriculture,41,0.6435680457154921,Sector
Deuel,Transportation,29,0.9419438793491687,Sector
Deuel,Consumer_Products,42,0.8489323955670504,Sector
Deuel,Unassigned,7,0.9659560221594984,Sector
Deuel,Communication,85,0.015682107043620386,Sector
Deuel,Trade,71,0.8589278617216377,Sector
Deuel,Business_Services,59,0.9093081320994957,Sector
Deuel,Business_Products,17,0.7608002960919996,Sector
Deuel,Construction,23,0.3334510269426392,Sector
Deuel,Services,89,0.26587312213381986,Sector
Deuel,Mining,10,0.060232231980509865,Sector
Deuel,Health_Care,91,0.2011506068159138,Sector
Deuel,EnergyExpL_Prod,99,0.13741199828791473,Sector
Deuel,Utilities,93,0.8897907129129081,Sector
