parent,child,Count,Growth_Rate,Type
,Dawes,707,0.4929614559448581,Overall
Dawes,HiTech,44,0.5501943697095749,Sector
Dawes,Agriculture,86,0.20157064836751748,Sector
Dawes,Transportation,41,0.973882490452708,Sector
Dawes,Consumer_Products,15,0.0720834610778528,Sector
Dawes,Unassigned,31,0.44763264814423076,Sector
Dawes,Communication,33,0.48829443063659195,Sector
Dawes,Trade,89,0.14944687125761014,Sector
Dawes,Business_Services,60,0.948361917697654,Sector
Dawes,Business_Products,33,0.7176066993831033,Sector
Dawes,Construction,38,0.6826101874592869,Sector
Dawes,Services,29,0.1882121306527722,Sector
Dawes,Mining,33,0.7689699926026045,Sector
Dawes,Health_Care,89,0.31016202587037456,Sector
Dawes,EnergyExpL_Prod,15,0.7067139914939988,Sector
Dawes,Utilities,71,0.18867997436699102,Sector
