parent,child,Count,Growth_Rate,Type
,Gage,869,0.44810199411089646,Overall
Gage,HiTech,96,0.4245576295249356,Sector
Gage,Agriculture,66,0.20746077841136357,Sector
Gage,Transportation,59,0.451729444062152,Sector
Gage,Consumer_Products,47,0.6865822918767464,Sector
Gage,Unassigned,25,0.32142796368415116,Sector
Gage,Communication,18,0.21085742526785123,Sector
Gage,Trade,47,0.15314113868214962,Sector
Gage,Business_Services,0,0.9954733435467665,Sector
Gage,Business_Products,54,0.8065009795405171,Sector
Gage,Construction,90,0.4434108795679367,Sector
Gage,Services,92,0.25188066083525806,Sector
Gage,Mining,94,0.8660139597764747,Sector
Gage,Health_Care,94,0.08016097436437875,Sector
Gage,EnergyExpL_Prod,84,0.8156916429536509,Sector
Gage,Utilities,3,0.006640799569114342,Sector
