parent,child,Count,Growth_Rate,Type
,Hall,555,0.5334979528113902,Overall
Hall,HiTech,22,0.5778378543224144,Sector
Hall,Agriculture,48,0.5290287484995212,Sector
Hall,Transportation,80,0.8196975924885805,Sector
Hall,Consumer_Products,43,0.8605299214984736,Sector
Hall,Unassigned,3,0.8771445048557117,Sector
Hall,Communication,55,0.09975306722779409,Sector
Hall,Trade,39,0.19500234175020803,Sector
Hall,Business_Services,49,0.6285750125703761,Sector
Hall,Business_Products,36,0.9094440830529231,Sector
Hall,Construction,22,0.8177966101898149,Sector
Hall,Services,24,0.3367396667638932,Sector
Hall,Mining,10,0.17737894488207984,Sector
Hall,Health_Care,29,0.4661023564943301,Sector
Hall,EnergyExpL_Prod,60,0.07723354098016533,Sector
Hall,Utilities,35,0.6302050465945677,Sector
