parent,child,Count,Growth_Rate,Type
,Holt,782,0.45703265171202545,Overall
Holt,HiTech,44,0.3090748251762213,Sector
Holt,Agriculture,81,0.9632272683034546,Sector
Holt,Transportation,16,0.09841192138789123,Sector
Holt,Consumer_Products,71,0.46200620761232103,Sector
Holt,Unassigned,32,0.5790012616011445,Sector
Holt,Communication,7,0.3941258053980605,Sector
Holt,Trade,72,0.7077932543425685,Sector
Holt,Business_Services,98,0.7013905671322478,Sector
Holt,Business_Products,98,0.30634489746968196,Sector
Holt,Construction,21,0.5129967574554597,Sector
Holt,Services,29,0.6501804044651006,Sector
Holt,Mining,66,0.11120511094087304,Sector
Holt,Health_Care,17,0.34862856094663874,Sector
Holt,EnergyExpL_Prod,63,0.13300066516495213,Sector
Holt,Utilities,67,0.5781022682837659,Sector
