parent,child,Count,Growth_Rate,Type
,Knox,708,0.5423668417945212,Overall
Knox,HiTech,45,0.3289416520830194,Sector
Knox,Agriculture,63,0.7544576111329611,Sector
Knox,Transportation,79,0.34039231460061015,Sector
Knox,Consumer_Products,4,0.9679438763666388,Sector
Knox,Unassigned,50,0.6090990710612232,Sector
Knox,Communication,84,0.9189890032615398,Sector
Knox,Trade,82,0.02801054723212837,Sector
Knox,Business_Services,32,0.7531122934287359,Sector
Knox,Business_Products,16,0.7361370687144078,Sector
Knox,Construction,73,0.33502539425538935,Sector
Knox,Services,30,0.5273643489645081,Sector
Knox,Mining,29,0.4421123112533033,Sector
Knox,Health_Care,67,0.6335382551888851,Sector
Knox,EnergyExpL_Prod,14,0.15705425767683212,Sector
Knox,Utilities,40,0.6033246216976358,Sector
