parent,child,Count,Growth_Rate,Type
,Logan,760,0.5995901769664613,Overall
Logan,HiTech,56,0.5729003284338557,Sector
Logan,Agriculture,97,0.07854769725593302,Sector
Logan,Transportation,10,0.7960121062598094,Sector
Logan,Consumer_Products,17,0.9380964164776847,Sector
Logan,Unassigned,4,0.28600917342484544,Sector
Logan,Communication,19,0.9839918825166526,Sector
Logan,Trade,78,0.9246284914106131,Sector
Logan,Business_Services,81,0.3192166202933434,Sector
Logan,Business_Products,82,0.5894243003215766,Sector
Logan,Construction,94,0.5814090982371712,Sector
Logan,Services,46,0.32153169663401293,Sector
Logan,Mining,11,0.9905774634663603,Sector
Logan,Health_Care,74,0.9014159051494258,Sector
Logan,EnergyExpL_Prod,20,0.022908612926367478,Sector
Logan,Utilities,71,0.6871828616892676,Sector
