parent,child,Count,Growth_Rate,Type
,Loup,727,0.5593990993018688,Overall
Loup,HiTech,26,0.5537710752693351,Sector
Loup,Agriculture,70,0.2100893949614242,Sector
Loup,Transportation,92,0.5804741564442215,Sector
Loup,Consumer_Products,53,0.5689963178010472,Sector
Loup,Unassigned,61,0.010531404167435143,Sector
Loup,Communication,47,0.39654946284634784,Sector
Loup,Trade,33,0.5499074772301404,Sector
Loup,Business_Services,37,0.5349445035502226,Sector
Loup,Business_Products,77,0.891296145745706,Sector
Loup,Construction,6,0.8119576797754202,Sector
Loup,Services,79,0.48369940892028096,Sector
Loup,Mining,40,0.6939371856228211,Sector
Loup,Health_Care,65,0.964521674091609,Sector
Loup,EnergyExpL_Prod,6,0.2126799258988098,Sector
Loup,Utilities,35,0.92763067720321,Sector
