parent,child,Count,Growth_Rate,Type
,Nance,880,0.5426693030983692,Overall
Nance,HiTech,73,0.9887905499558511,Sector
Nance,Agriculture,28,0.29371502743990097,Sector
Nance,Transportation,48,0.6588784184133805,Sector
Nance,Consumer_Products,88,0.8843276673292726,Sector
Nance,Unassigned,91,0.49366704758163404,Sector
Nance,Communication,60,0.4465172582059658,Sector
Nance,Trade,87,0.6211332710637436,Sector
Nance,Business_Services,44,0.8417924647996168,Sector
Nance,Business_Products,32,0.878062380410617,Sector
Nance,Construction,69,0.1717453558732963,Sector
Nance,Services,54,0.10230776865489044,Sector
Nance,Mining,91,0.7033038311092659,Sector
Nance,Health_Care,34,0.5680492366059452,Sector
Nance,EnergyExpL_Prod,59,0.006081134299785074,Sector
Nance,Utilities,22,0.4816681347323736,Sector
