parent,child,Count,Growth_Rate,Type
,Rock,630,0.5783923888854561,Overall
Rock,HiTech,39,0.3335154876968991,Sector
Rock,Agriculture,43,0.4126070817104399,Sector
Rock,Transportation,4,0.14777558042871708,Sector
Rock,Consumer_Products,7,0.8111159431170419,Sector
Rock,Unassigned,18,0.7843848151271203,Sector
Rock,Communication,75,0.2756769799687344,Sector
Rock,Trade,45,0.7850463305841865,Sector
Rock,Business_Services,72,0.33683694199271297,Sector
Rock,Business_Products,24,0.7530720450502452,Sector
Rock,Construction,90,0.43001372008321326,Sector
Rock,Services,58,0.6396523804012924,Sector
Rock,Mining,21,0.8975144614883603,Sector
Rock,Health_Care,48,0.33460032232411785,Sector
Rock,EnergyExpL_Prod,47,0.9136737594151025,Sector
Rock,Utilities,39,0.820399983893657,Sector
