parent,child,Count,Growth_Rate,Type
,Sioux,906,0.4588835765043004,Overall
Sioux,HiTech,8,0.8772238592051829,Sector
Sioux,Agriculture,47,0.9959509596487308,Sector
Sioux,Transportation,98,0.788734713355378,Sector
Sioux,Consumer_Products,75,0.05667080657984924,Sector
Sioux,Unassigned,91,0.5436593689487209,Sector
Sioux,Communication,47,0.5475072292029572,Sector
Sioux,Trade,74,0.12417258266000242,Sector
Sioux,Business_Services,82,0.13615674252752707,Sector
Sioux,Business_Products,24,0.16576561904568154,Sector
Sioux,Construction,7,0.05771049539799955,Sector
Sioux,Services,87,0.8475637792121028,Sector
Sioux,Mining,40,0.9777531498340691,Sector
Sioux,Health_Care,86,0.28343743202148575,Sector
Sioux,EnergyExpL_Prod,77,0.3990620495048446,Sector
Sioux,Utilities,63,0.08188486041997389,Sector
