parent,child,Count,Growth_Rate,Type
,York,724,0.44784884835513505,Overall
York,HiTech,42,0.9627300792527445,Sector
York,Agriculture,72,0.34442361344543226,Sector
York,Transportation,79,0.043754220583041126,Sector
York,Consumer_Products,9,0.4766858340016069,Sector
York,Unassigned,46,0.2245602701329975,Sector
York,Communication,89,0.6374029919216885,Sector
York,Trade,16,0.035606108292780214,Sector
York,Business_Services,31,0.0463558794504485,Sector
York,Business_Products,48,0.5485758606575816,Sector
York,Construction,40,0.7931560125491786,Sector
York,Services,80,0.4647715828110911,Sector
York,Mining,17,0.16274459858953738,Sector
York,Health_Care,40,0.3925957950858233,Sector
York,EnergyExpL_Prod,42,0.8264494357889004,Sector
York,Utilities,73,0.7579204427641754,Sector
