parent,child,Count,Growth_Rate,Type
,Elko,695,0.6306889992794954,Overall
Elko,HiTech,33,0.7938560802224827,Sector
Elko,Agriculture,26,0.6664233010503999,Sector
Elko,Transportation,95,0.6178415248947424,Sector
Elko,Consumer_Products,47,0.9424446519739659,Sector
Elko,Unassigned,64,0.40355535159137035,Sector
Elko,Communication,69,0.41177733320244425,Sector
Elko,Trade,10,0.8655431551672265,Sector
Elko,Business_Services,7,0.5744639861387321,Sector
Elko,Business_Products,51,0.7849405511341471,Sector
Elko,Construction,55,0.8072953867104836,Sector
Elko,Services,16,0.6748874218137397,Sector
Elko,Mining,98,0.588186356603539,Sector
Elko,Health_Care,7,0.06956856851702076,Sector
Elko,EnergyExpL_Prod,32,0.4983758791885122,Sector
Elko,Utilities,85,0.7611754409836259,Sector
