parent,child,Count,Growth_Rate,Type
,Lyon,556,0.529863630922854,Overall
Lyon,HiTech,0,0.6711719964704737,Sector
Lyon,Agriculture,21,0.648333589631877,Sector
Lyon,Transportation,95,0.9307488981227212,Sector
Lyon,Consumer_Products,40,0.37281595416519386,Sector
Lyon,Unassigned,8,0.8750140060433367,Sector
Lyon,Communication,33,0.6113748781049129,Sector
Lyon,Trade,9,0.5894986896782565,Sector
Lyon,Business_Services,63,0.5309795353336336,Sector
Lyon,Business_Products,11,0.41342888939003464,Sector
Lyon,Construction,78,0.36834275175105813,Sector
Lyon,Services,36,0.277621039567689,Sector
Lyon,Mining,4,0.8178484678429997,Sector
Lyon,Health_Care,95,0.2377688157564306,Sector
Lyon,EnergyExpL_Prod,29,0.04101687358196415,Sector
Lyon,Utilities,34,0.5619900784022306,Sector
