parent,child,Count,Growth_Rate,Type
,Nye,523,0.5731175109925579,Overall
Nye,HiTech,54,0.3804245452600634,Sector
Nye,Agriculture,51,0.7863143445049336,Sector
Nye,Transportation,76,0.26485639492761015,Sector
Nye,Consumer_Products,35,0.9826991276807002,Sector
Nye,Unassigned,82,0.5730038147816614,Sector
Nye,Communication,28,0.5194028220647182,Sector
Nye,Trade,12,0.9660316480726724,Sector
Nye,Business_Services,33,0.4984048010115849,Sector
Nye,Business_Products,32,0.6922573428974114,Sector
Nye,Construction,12,0.854591770189807,Sector
Nye,Services,27,0.00991317271409664,Sector
Nye,Mining,44,0.1452941652840115,Sector
Nye,Health_Care,16,0.30592187091402523,Sector
Nye,EnergyExpL_Prod,14,0.9991353335175841,Sector
Nye,Utilities,7,0.6185115110674888,Sector
