parent,child,Count,Growth_Rate,Type
,Coos,795,0.5476519515991195,Overall
Coos,HiTech,41,0.8431347260880915,Sector
Coos,Agriculture,59,0.5513048393808371,Sector
Coos,Transportation,98,0.8321780553467946,Sector
Coos,Consumer_Products,76,0.47652869956855726,Sector
Coos,Unassigned,75,0.9833414091520821,Sector
Coos,Communication,61,0.5941306568453657,Sector
Coos,Trade,9,0.4175634518992355,Sector
Coos,Business_Services,17,0.2502420582097451,Sector
Coos,Business_Products,82,0.5525963198181504,Sector
Coos,Construction,46,0.3718652847998424,Sector
Coos,Services,0,0.6478936963039766,Sector
Coos,Mining,58,0.38223402761335845,Sector
Coos,Health_Care,66,0.45095567406114134,Sector
Coos,EnergyExpL_Prod,93,0.03449504719896879,Sector
Coos,Utilities,14,0.826315327700647,Sector
