parent,child,Count,Growth_Rate,Type
,Ocean,848,0.4020710033910346,Overall
Ocean,HiTech,59,0.6378116651160182,Sector
Ocean,Agriculture,80,0.05330770676854035,Sector
Ocean,Transportation,94,0.027201366870386212,Sector
Ocean,Consumer_Products,47,0.7089834334858769,Sector
Ocean,Unassigned,94,0.14162344205007993,Sector
Ocean,Communication,58,0.013830989235467883,Sector
Ocean,Trade,77,0.46685803146938687,Sector
Ocean,Business_Services,6,0.300700593068291,Sector
Ocean,Business_Products,50,0.8547703323938779,Sector
Ocean,Construction,64,0.20146088607430856,Sector
Ocean,Services,80,0.3960936108449098,Sector
Ocean,Mining,34,0.396243498520612,Sector
Ocean,Health_Care,49,0.671127134234009,Sector
Ocean,EnergyExpL_Prod,22,0.9499093711395945,Sector
Ocean,Utilities,34,0.21114298959416045,Sector
