parent,child,Count,Growth_Rate,Type
,Curry,928,0.47157746994982136,Overall
Curry,HiTech,69,0.9687057530303735,Sector
Curry,Agriculture,61,0.10668151131870829,Sector
Curry,Transportation,22,0.19258334665070542,Sector
Curry,Consumer_Products,91,0.20630213616179305,Sector
Curry,Unassigned,88,0.6957251401804652,Sector
Curry,Communication,93,0.6245644215792868,Sector
Curry,Trade,48,0.5911748720448435,Sector
Curry,Business_Services,86,0.48420577945066756,Sector
Curry,Business_Products,54,0.3546830401023032,Sector
Curry,Construction,52,0.4000592940188007,Sector
Curry,Services,94,0.20446755906713354,Sector
Curry,Mining,69,0.47364965921960644,Sector
Curry,Health_Care,93,0.6339393359937483,Sector
Curry,EnergyExpL_Prod,0,0.27619691463038176,Sector
Curry,Utilities,8,0.8607232857985032,Sector
