parent,child,Count,Growth_Rate,Type
,Eddy,558,0.3304388722342295,Overall
Eddy,HiTech,19,0.2189308690602585,Sector
Eddy,Agriculture,14,0.6046703912369346,Sector
Eddy,Transportation,77,0.8041740742722554,Sector
Eddy,Consumer_Products,39,0.036690788824724097,Sector
Eddy,Unassigned,48,0.47096598789496114,Sector
Eddy,Communication,76,0.4694784565689921,Sector
Eddy,Trade,13,0.11005501073056623,Sector
Eddy,Business_Services,53,0.4537935370988543,Sector
Eddy,Business_Products,29,0.1996048702385642,Sector
Eddy,Construction,67,0.20882554400472064,Sector
Eddy,Services,7,0.15186605332838876,Sector
Eddy,Mining,19,0.49219568922816226,Sector
Eddy,Health_Care,12,0.49009777576079216,Sector
Eddy,EnergyExpL_Prod,28,0.1053199732611626,Sector
Eddy,Utilities,57,0.13991406200410494,Sector
