parent,child,Count,Growth_Rate,Type
,Lea,704,0.5311810080274582,Overall
Lea,HiTech,75,0.4627263888699368,Sector
Lea,Agriculture,0,0.7921392926002023,Sector
Lea,Transportation,53,0.5858878364837491,Sector
Lea,Consumer_Products,56,0.084658126760363,Sector
Lea,Unassigned,46,0.6907482356663066,Sector
Lea,Communication,53,0.33780034998321773,Sector
Lea,Trade,0,0.4891008809978683,Sector
Lea,Business_Services,83,0.055746072077765496,Sector
Lea,Business_Products,11,0.9004891889275886,Sector
Lea,Construction,20,0.7194935230898629,Sector
Lea,Services,99,0.5731869445628149,Sector
Lea,Mining,80,0.7043171765247339,Sector
Lea,Health_Care,43,0.8539624576178275,Sector
Lea,EnergyExpL_Prod,8,0.3306276028253795,Sector
Lea,Utilities,77,0.38683104342425634,Sector
