parent,child,Count,Growth_Rate,Type
,Luna,780,0.39243641733511075,Overall
Luna,HiTech,10,0.7954629681925213,Sector
Luna,Agriculture,1,0.08995223146062303,Sector
Luna,Transportation,62,0.8169180742997628,Sector
Luna,Consumer_Products,91,0.16945201614017458,Sector
Luna,Unassigned,69,0.04024206084328574,Sector
Luna,Communication,65,0.15342395126633568,Sector
Luna,Trade,85,0.8028471512647729,Sector
Luna,Business_Services,43,0.7765003389046403,Sector
Luna,Business_Products,21,0.05224760818904994,Sector
Luna,Construction,53,0.9867763567017004,Sector
Luna,Services,55,0.1314169944091328,Sector
Luna,Mining,88,0.5760789590485734,Sector
Luna,Health_Care,47,0.14532794269488047,Sector
Luna,EnergyExpL_Prod,4,0.12318260382358315,Sector
Luna,Utilities,86,0.22671700278762585,Sector
