parent,child,Count,Growth_Rate,Type
,Otero,885,0.4884260444092484,Overall
Otero,HiTech,68,0.11569615935904398,Sector
Otero,Agriculture,48,0.12864002609265668,Sector
Otero,Transportation,74,0.8139946399268025,Sector
Otero,Consumer_Products,82,0.9544816867404409,Sector
Otero,Unassigned,40,0.09399413286016545,Sector
Otero,Communication,11,0.7261802256305036,Sector
Otero,Trade,76,0.6125504319982458,Sector
Otero,Business_Services,46,0.4500538627042855,Sector
Otero,Business_Products,49,0.6857847037914306,Sector
Otero,Construction,85,0.11870138837621169,Sector
Otero,Services,41,0.9135765388375292,Sector
Otero,Mining,68,0.07890898430275839,Sector
Otero,Health_Care,62,0.00645608306150669,Sector
Otero,EnergyExpL_Prod,62,0.9393552840641046,Sector
Otero,Utilities,73,0.6880165183930407,Sector
