parent,child,Count,Growth_Rate,Type
,Quay,702,0.5099615727397837,Overall
Quay,HiTech,13,0.5558352230476814,Sector
Quay,Agriculture,1,0.0999969814496734,Sector
Quay,Transportation,37,0.7804233631207033,Sector
Quay,Consumer_Products,81,0.6992478474229484,Sector
Quay,Unassigned,73,0.45512390782824796,Sector
Quay,Communication,54,0.43410963418128323,Sector
Quay,Trade,16,0.3362373363560598,Sector
Quay,Business_Services,8,0.42934716572389375,Sector
Quay,Business_Products,10,0.4503964843017708,Sector
Quay,Construction,95,0.9909610344575523,Sector
Quay,Services,80,0.5762641173246981,Sector
Quay,Mining,30,0.638900675246827,Sector
Quay,Health_Care,83,0.11375216959368528,Sector
Quay,EnergyExpL_Prod,89,0.7602395961971512,Sector
Quay,Utilities,32,0.3285880548445804,Sector
