parent,child,Count,Growth_Rate,Type
,Mora,551,0.4396824462481235,Overall
Mora,HiTech,17,0.527365474440945,Sector
Mora,Agriculture,61,0.7095038760526653,Sector
Mora,Transportation,26,0.5340368912037539,Sector
Mora,Consumer_Products,74,0.777131669016495,Sector
Mora,Unassigned,70,0.4451832201517093,Sector
Mora,Communication,58,0.008787268913907464,Sector
Mora,Trade,27,0.2243537164823619,Sector
Mora,Business_Services,10,0.8838081707163085,Sector
Mora,Business_Products,26,0.4347712394258485,Sector
Mora,Construction,2,0.7329010655248743,Sector
Mora,Services,27,0.09051260105534076,Sector
Mora,Mining,15,0.46775739916737114,Sector
Mora,Health_Care,36,0.1636476282943955,Sector
Mora,EnergyExpL_Prod,74,0.024304093762788415,Sector
Mora,Utilities,28,0.5711723795130884,Sector
