parent,child,Count,Growth_Rate,Type
,Taos,624,0.4995147905238039,Overall
Taos,HiTech,73,0.09983192127829688,Sector
Taos,Agriculture,50,0.21580971793314674,Sector
Taos,Transportation,39,0.9901062840065086,Sector
Taos,Consumer_Products,0,0.399385761350709,Sector
Taos,Unassigned,4,0.404065191829284,Sector
Taos,Communication,61,0.861412813978906,Sector
Taos,Trade,4,0.3432074578926819,Sector
Taos,Business_Services,82,0.8984462009690929,Sector
Taos,Business_Products,60,0.1785279637603091,Sector
Taos,Construction,17,0.4476691717124385,Sector
Taos,Services,42,0.9915137264293301,Sector
Taos,Mining,7,0.5559269963771021,Sector
Taos,Health_Care,43,0.18958578389704006,Sector
Taos,EnergyExpL_Prod,59,0.119536518235147,Sector
Taos,Utilities,83,0.7976963482070651,Sector
