parent,child,Count,Growth_Rate,Type
,Bronx,808,0.3697084369953414,Overall
Bronx,HiTech,28,0.3473761920345796,Sector
Bronx,Agriculture,67,0.8946998238575564,Sector
Bronx,Transportation,67,0.2653532362958839,Sector
Bronx,Consumer_Products,55,0.17326779744209697,Sector
Bronx,Unassigned,16,0.5750513612533908,Sector
Bronx,Communication,94,0.029836841853585594,Sector
Bronx,Trade,91,0.24000535502396103,Sector
Bronx,Business_Services,0,0.31243896810671035,Sector
Bronx,Business_Products,24,0.6343725082997516,Sector
Bronx,Construction,81,0.26969240987428345,Sector
Bronx,Services,6,0.6435047400606487,Sector
Bronx,Mining,77,0.33100728692190307,Sector
Bronx,Health_Care,19,0.0440796836760482,Sector
Bronx,EnergyExpL_Prod,95,0.41117921734084095,Sector
Bronx,Utilities,88,0.37376113288888047,Sector
