parent,child,Count,Growth_Rate,Type
,Kings,666,0.3852156710846265,Overall
Kings,HiTech,16,0.6392846716952086,Sector
Kings,Agriculture,54,0.6787637675364756,Sector
Kings,Transportation,26,0.02827092934989739,Sector
Kings,Consumer_Products,10,0.7337598817203873,Sector
Kings,Unassigned,50,0.24363625612691164,Sector
Kings,Communication,69,0.18272277723016073,Sector
Kings,Trade,29,0.9307436471769128,Sector
Kings,Business_Services,62,0.15125931870291587,Sector
Kings,Business_Products,96,0.0045051667489948155,Sector
Kings,Construction,37,0.014748237567730693,Sector
Kings,Services,82,0.9489622965143694,Sector
Kings,Mining,54,0.37465834180325863,Sector
Kings,Health_Care,10,0.4578645941629417,Sector
Kings,EnergyExpL_Prod,59,0.00129354812249316,Sector
Kings,Utilities,12,0.38776163181073864,Sector
