parent,child,Count,Growth_Rate,Type
,Tioga,749,0.5798122062671787,Overall
Tioga,HiTech,71,0.28578700442739957,Sector
Tioga,Agriculture,4,0.3651212711382933,Sector
Tioga,Transportation,15,0.23146954547719378,Sector
Tioga,Consumer_Products,74,0.8788625901823965,Sector
Tioga,Unassigned,70,0.49214179413809267,Sector
Tioga,Communication,36,0.8839737270057326,Sector
Tioga,Trade,60,0.46841423902517054,Sector
Tioga,Business_Services,11,0.9788435618597481,Sector
Tioga,Business_Products,40,0.7507206581190449,Sector
Tioga,Construction,74,0.8483238703459349,Sector
Tioga,Services,36,0.1337228819977595,Sector
Tioga,Mining,94,0.8035225267895595,Sector
Tioga,Health_Care,80,0.17711496037085983,Sector
Tioga,EnergyExpL_Prod,67,0.5684179754180773,Sector
Tioga,Utilities,17,0.8307464877124183,Sector
