parent,child,Count,Growth_Rate,Type
,Yates,748,0.4904827736449109,Overall
Yates,HiTech,86,0.4858717012399879,Sector
Yates,Agriculture,23,0.24808489939972467,Sector
Yates,Transportation,61,0.05296915123630297,Sector
Yates,Consumer_Products,37,0.6139293134893266,Sector
Yates,Unassigned,29,0.6101054929870139,Sector
Yates,Communication,94,0.5664525812459996,Sector
Yates,Trade,60,0.45218934872522576,Sector
Yates,Business_Services,68,0.9996664592905647,Sector
Yates,Business_Products,33,0.4638060337277973,Sector
Yates,Construction,15,0.14106698806831197,Sector
Yates,Services,29,0.5671957658993857,Sector
Yates,Mining,2,0.8648344390430467,Sector
Yates,Health_Care,98,0.5491649572410405,Sector
Yates,EnergyExpL_Prod,90,0.5607946945137054,Sector
Yates,Utilities,23,0.18110977856623023,Sector
