parent,child,Count,Growth_Rate,Type
,Ashe,860,0.34747896872880296,Overall
Ashe,HiTech,72,0.19843069040938288,Sector
Ashe,Agriculture,79,0.038177834368666064,Sector
Ashe,Transportation,67,0.4663808609763901,Sector
Ashe,Consumer_Products,42,0.14716718726609557,Sector
Ashe,Unassigned,98,0.26985800607636934,Sector
Ashe,Communication,59,0.012497306712621836,Sector
Ashe,Trade,14,0.1293350486493159,Sector
Ashe,Business_Services,87,0.44590489175305914,Sector
Ashe,Business_Products,5,0.38348066889616705,Sector
Ashe,Construction,46,0.6853872149249751,Sector
Ashe,Services,16,0.1343229745083685,Sector
Ashe,Mining,78,0.6607001162806637,Sector
Ashe,Health_Care,29,0.1761516354797661,Sector
Ashe,EnergyExpL_Prod,78,0.7505927550195727,Sector
Ashe,Utilities,90,0.7137973396106311,Sector
