parent,child,Count,Growth_Rate,Type
,Avery,649,0.41439130089959886,Overall
Avery,HiTech,12,0.6769405856699625,Sector
Avery,Agriculture,34,0.2168926770442302,Sector
Avery,Transportation,2,0.8106862423414295,Sector
Avery,Consumer_Products,86,0.15338539540525942,Sector
Avery,Unassigned,23,0.11942266500440857,Sector
Avery,Communication,11,0.21189413705483584,Sector
Avery,Trade,6,0.711791899847411,Sector
Avery,Business_Services,29,0.25846467996156575,Sector
Avery,Business_Products,40,0.3609361921201152,Sector
Avery,Construction,62,0.07478646278010859,Sector
Avery,Services,73,0.45955318896360464,Sector
Avery,Mining,46,0.46826997560565375,Sector
Avery,Health_Care,77,0.8139692298027867,Sector
Avery,EnergyExpL_Prod,96,0.6652564619963064,Sector
Avery,Utilities,52,0.21361971989630535,Sector
