parent,child,Count,Growth_Rate,Type
,Burke,686,0.4904265782660811,Overall
Burke,HiTech,27,0.9694602532432848,Sector
Burke,Agriculture,41,0.040761681969693764,Sector
Burke,Transportation,25,0.6084040936084397,Sector
Burke,Consumer_Products,32,0.0634722319758928,Sector
Burke,Unassigned,98,0.8062254681525121,Sector
Burke,Communication,7,0.20838434327831612,Sector
Burke,Trade,0,0.2548115254655082,Sector
Burke,Business_Services,9,0.49806453980922194,Sector
Burke,Business_Products,3,0.8525071990723913,Sector
Burke,Construction,59,0.47487345160338823,Sector
Burke,Services,93,0.11748967129599042,Sector
Burke,Mining,90,0.31216237312449846,Sector
Burke,Health_Care,77,0.9629684636809465,Sector
Burke,EnergyExpL_Prod,68,0.9438427851836849,Sector
Burke,Utilities,57,0.24297059252744713,Sector
