parent,child,Count,Growth_Rate,Type
,Clay,783,0.483873430479,Overall
Clay,HiTech,57,0.2514559862819504,Sector
Clay,Agriculture,80,0.5762655202314235,Sector
Clay,Transportation,54,0.8249614274025694,Sector
Clay,Consumer_Products,33,0.3649854246987677,Sector
Clay,Unassigned,93,0.046081852519482824,Sector
Clay,Communication,26,0.3252802501912033,Sector
Clay,Trade,61,0.7012299136599559,Sector
Clay,Business_Services,55,0.4913353087700507,Sector
Clay,Business_Products,3,0.4563942534326748,Sector
Clay,Construction,94,0.6026654799651202,Sector
Clay,Services,77,0.016564085552033148,Sector
Clay,Mining,77,0.9017424540026617,Sector
Clay,Health_Care,54,0.3471941637211563,Sector
Clay,EnergyExpL_Prod,12,0.6195693627393543,Sector
Clay,Utilities,7,0.7323759740165968,Sector
