parent,child,Count,Growth_Rate,Type
,Dare,597,0.4353765163693899,Overall
Dare,HiTech,64,0.5878797770508065,Sector
Dare,Agriculture,71,0.25621455666631754,Sector
Dare,Transportation,46,0.6564153684544762,Sector
Dare,Consumer_Products,27,0.512937332697542,Sector
Dare,Unassigned,61,0.036603061149536265,Sector
Dare,Communication,53,0.6435201995007385,Sector
Dare,Trade,29,0.9242353696751852,Sector
Dare,Business_Services,2,0.053459351727396465,Sector
Dare,Business_Products,25,0.84074212755067,Sector
Dare,Construction,51,0.34094863962943167,Sector
Dare,Services,51,0.4614718094760889,Sector
Dare,Mining,35,0.09873951625937472,Sector
Dare,Health_Care,5,0.2555607806199577,Sector
Dare,EnergyExpL_Prod,16,0.8566168048521565,Sector
Dare,Utilities,61,0.005303050231169504,Sector
