parent,child,Count,Growth_Rate,Type
,Gates,776,0.4818133449293272,Overall
Gates,HiTech,51,0.6936885123710806,Sector
Gates,Agriculture,5,0.8489719328413667,Sector
Gates,Transportation,97,0.5173917156017825,Sector
Gates,Consumer_Products,38,0.35080154422139365,Sector
Gates,Unassigned,74,0.08371282594336571,Sector
Gates,Communication,21,0.9232348254843465,Sector
Gates,Trade,87,0.05426010324566399,Sector
Gates,Business_Services,78,0.07080891503294617,Sector
Gates,Business_Products,4,0.9193498190384182,Sector
Gates,Construction,27,0.2783815767430984,Sector
Gates,Services,37,0.12215439400413741,Sector
Gates,Mining,39,0.41605345284609774,Sector
Gates,Health_Care,64,0.9181235594117764,Sector
Gates,EnergyExpL_Prod,69,0.08438596152786582,Sector
Gates,Utilities,85,0.9458810356265684,Sector
