parent,child,Count,Growth_Rate,Type
,Hoke,711,0.5746939822138603,Overall
Hoke,HiTech,87,0.36136044112453436,Sector
Hoke,Agriculture,60,0.9270578688133988,Sector
Hoke,Transportation,85,0.9583618529393064,Sector
Hoke,Consumer_Products,5,0.5426655461681025,Sector
Hoke,Unassigned,71,0.46729629787808225,Sector
Hoke,Communication,12,0.43827777585491146,Sector
Hoke,Trade,58,0.06718091166194062,Sector
Hoke,Business_Services,12,0.6769081743130024,Sector
Hoke,Business_Products,61,0.1817412462220468,Sector
Hoke,Construction,23,0.49673704369133265,Sector
Hoke,Services,36,0.9402062137785895,Sector
Hoke,Mining,65,0.5100710808261875,Sector
Hoke,Health_Care,70,0.8866639397650874,Sector
Hoke,EnergyExpL_Prod,41,0.7200465122717437,Sector
Hoke,Utilities,25,0.4458348278996358,Sector
