parent,child,Count,Growth_Rate,Type
,Hyde,987,0.49042120329951744,Overall
Hyde,HiTech,97,0.05899297341279042,Sector
Hyde,Agriculture,25,0.26647357749694756,Sector
Hyde,Transportation,94,0.6465160583437644,Sector
Hyde,Consumer_Products,82,0.653452430368845,Sector
Hyde,Unassigned,91,0.5537966843174756,Sector
Hyde,Communication,74,0.8850767525038494,Sector
Hyde,Trade,0,0.6533527758813452,Sector
Hyde,Business_Services,25,0.13780242749227323,Sector
Hyde,Business_Products,63,0.680414610646523,Sector
Hyde,Construction,98,0.6427118256108161,Sector
Hyde,Services,58,0.5637675437169916,Sector
Hyde,Mining,95,0.2710615716887165,Sector
Hyde,Health_Care,90,0.7425817764150902,Sector
Hyde,EnergyExpL_Prod,51,0.44915499733469033,Sector
Hyde,Utilities,44,0.1511620442626438,Sector
