parent,child,Count,Growth_Rate,Type
,Lee,922,0.5166979905841805,Overall
Lee,HiTech,39,0.642738509294089,Sector
Lee,Agriculture,34,0.5058827003457989,Sector
Lee,Transportation,1,0.5542682324104946,Sector
Lee,Consumer_Products,68,0.5104913583843304,Sector
Lee,Unassigned,54,0.1146250724348995,Sector
Lee,Communication,87,0.9811872536925076,Sector
Lee,Trade,84,0.9876608330982719,Sector
Lee,Business_Services,90,0.7856073848048839,Sector
Lee,Business_Products,96,0.3387559384888966,Sector
Lee,Construction,87,0.1738200329220968,Sector
Lee,Services,51,0.17314075662822948,Sector
Lee,Mining,71,0.729517463455355,Sector
Lee,Health_Care,50,0.4890517348231769,Sector
Lee,EnergyExpL_Prod,55,0.5355872357745692,Sector
Lee,Utilities,55,0.2281353522051085,Sector
