parent,child,Count,Growth_Rate,Type
,Nash,717,0.5640528177968932,Overall
Nash,HiTech,62,0.7904894198297306,Sector
Nash,Agriculture,11,0.4348643705501205,Sector
Nash,Transportation,37,0.17807194552144523,Sector
Nash,Consumer_Products,91,0.1820945211729179,Sector
Nash,Unassigned,78,0.9370854806678237,Sector
Nash,Communication,36,0.08071432473716134,Sector
Nash,Trade,99,0.9756357165260213,Sector
Nash,Business_Services,17,0.6554041584538807,Sector
Nash,Business_Products,7,0.6976588116093996,Sector
Nash,Construction,85,0.8132441462982529,Sector
Nash,Services,20,0.4396421523603674,Sector
Nash,Mining,79,0.8724348871668552,Sector
Nash,Health_Care,51,0.06418029071493991,Sector
Nash,EnergyExpL_Prod,25,0.4482391054007375,Sector
Nash,Utilities,19,0.891032935943744,Sector
