parent,child,Count,Growth_Rate,Type
,Polk,873,0.4381719617824693,Overall
Polk,HiTech,81,0.46222342447738474,Sector
Polk,Agriculture,14,0.2396523947728051,Sector
Polk,Transportation,58,0.5367655095973175,Sector
Polk,Consumer_Products,92,0.14637303206755092,Sector
Polk,Unassigned,35,0.7136438123907106,Sector
Polk,Communication,43,0.4499559107942924,Sector
Polk,Trade,63,0.8146971476574106,Sector
Polk,Business_Services,87,0.449859923153232,Sector
Polk,Business_Products,30,0.6040168009952945,Sector
Polk,Construction,62,0.010217596539628171,Sector
Polk,Services,64,0.4979263196934177,Sector
Polk,Mining,93,0.2654651388786916,Sector
Polk,Health_Care,53,0.4389552007999503,Sector
Polk,EnergyExpL_Prod,7,0.7620825890981747,Sector
Polk,Utilities,91,0.180744625821179,Sector
