parent,child,Count,Growth_Rate,Type
,Pitt,779,0.5731769428024311,Overall
Pitt,HiTech,9,0.5944014839078672,Sector
Pitt,Agriculture,55,0.7365640599093382,Sector
Pitt,Transportation,74,0.9317901244795304,Sector
Pitt,Consumer_Products,57,0.17598439662560228,Sector
Pitt,Unassigned,61,0.4941971307437003,Sector
Pitt,Communication,10,0.5802466533973596,Sector
Pitt,Trade,35,0.7973671852876393,Sector
Pitt,Business_Services,71,0.23220565276871796,Sector
Pitt,Business_Products,18,0.7375822850142039,Sector
Pitt,Construction,88,0.6554663846881047,Sector
Pitt,Services,56,0.6292180298905843,Sector
Pitt,Mining,38,0.0981751294764065,Sector
Pitt,Health_Care,83,0.6091777728609827,Sector
Pitt,EnergyExpL_Prod,86,0.6845537950245574,Sector
Pitt,Utilities,38,0.6407240579618706,Sector
