parent,child,Count,Growth_Rate,Type
,Wake,772,0.4991376820168313,Overall
Wake,HiTech,9,0.4385550160048661,Sector
Wake,Agriculture,79,0.8262593616183874,Sector
Wake,Transportation,99,0.02428222812437264,Sector
Wake,Consumer_Products,52,0.7553570073449465,Sector
Wake,Unassigned,32,0.08465785698312955,Sector
Wake,Communication,18,0.28639638024529734,Sector
Wake,Trade,76,0.5679627899148308,Sector
Wake,Business_Services,44,0.2728658006884609,Sector
Wake,Business_Products,73,0.32004984711020745,Sector
Wake,Construction,6,0.6122920119762614,Sector
Wake,Services,65,0.6726130439294479,Sector
Wake,Mining,93,0.5042465489543028,Sector
Wake,Health_Care,13,0.39028385924728726,Sector
Wake,EnergyExpL_Prod,50,0.8901641148501054,Sector
Wake,Utilities,63,0.841079363260567,Sector
