parent,child,Count,Growth_Rate,Type
,Cass,867,0.514951816025223,Overall
Cass,HiTech,5,0.9878217080852758,Sector
Cass,Agriculture,55,0.6537010285440884,Sector
Cass,Transportation,51,0.09447683426457798,Sector
Cass,Consumer_Products,87,0.4143528550993453,Sector
Cass,Unassigned,53,0.04728434496473044,Sector
Cass,Communication,91,0.6768197839356228,Sector
Cass,Trade,86,0.26659539008191546,Sector
Cass,Business_Services,85,0.8943049123419008,Sector
Cass,Business_Products,93,0.49941142219257795,Sector
Cass,Construction,8,0.9226293856945923,Sector
Cass,Services,10,0.24712916876055002,Sector
Cass,Mining,32,0.4187120463540698,Sector
Cass,Health_Care,33,0.5494900468348172,Sector
Cass,EnergyExpL_Prod,87,0.593922831188755,Sector
Cass,Utilities,91,0.4576254820355242,Sector
