parent,child,Count,Growth_Rate,Type
,Burke,786,0.4320100276321814,Overall
Burke,HiTech,30,0.056100949505147435,Sector
Burke,Agriculture,33,0.9312666659344677,Sector
Burke,Transportation,73,0.6052402800745827,Sector
Burke,Consumer_Products,69,0.6702406644535258,Sector
Burke,Unassigned,67,0.38970210552957174,Sector
Burke,Communication,83,0.8411524647971904,Sector
Burke,Trade,46,0.5908451130160665,Sector
Burke,Business_Services,69,0.49154515450427616,Sector
Burke,Business_Products,34,0.5723159377085193,Sector
Burke,Construction,9,0.13823788042806118,Sector
Burke,Services,39,0.09893788051107677,Sector
Burke,Mining,26,0.19018385920554515,Sector
Burke,Health_Care,70,0.46875754745308784,Sector
Burke,EnergyExpL_Prod,51,0.431040846196328,Sector
Burke,Utilities,87,0.004583065165273736,Sector
