parent,child,Count,Growth_Rate,Type
,Dunn,621,0.580215347953039,Overall
Dunn,HiTech,48,0.8637903184468474,Sector
Dunn,Agriculture,39,0.8429198452392348,Sector
Dunn,Transportation,86,0.17848552250588234,Sector
Dunn,Consumer_Products,13,0.967713593379782,Sector
Dunn,Unassigned,34,0.13952417240509662,Sector
Dunn,Communication,21,0.9529264448458781,Sector
Dunn,Trade,13,0.8769419721969374,Sector
Dunn,Business_Services,70,0.09121625816007839,Sector
Dunn,Business_Products,47,0.8026204880872316,Sector
Dunn,Construction,92,0.02870516142445856,Sector
Dunn,Services,66,0.23865914403202804,Sector
Dunn,Mining,7,0.3288789938482204,Sector
Dunn,Health_Care,5,0.9963083339708775,Sector
Dunn,EnergyExpL_Prod,35,0.4853793558979419,Sector
Dunn,Utilities,45,0.9091606148550884,Sector
