parent,child,Count,Growth_Rate,Type
,Eddy,670,0.5192944283489919,Overall
Eddy,HiTech,49,0.7737606408677452,Sector
Eddy,Agriculture,57,0.7180663595769081,Sector
Eddy,Transportation,49,0.7629439886569335,Sector
Eddy,Consumer_Products,66,0.647743911202466,Sector
Eddy,Unassigned,5,0.46797115457639016,Sector
Eddy,Communication,17,0.7564435093865566,Sector
Eddy,Trade,0,0.03882541508050308,Sector
Eddy,Business_Services,88,0.4602748126481059,Sector
Eddy,Business_Products,25,0.4565595275310108,Sector
Eddy,Construction,81,0.40975899649146164,Sector
Eddy,Services,49,0.8815759205131598,Sector
Eddy,Mining,3,0.30963520146650414,Sector
Eddy,Health_Care,26,0.07818275872303782,Sector
Eddy,EnergyExpL_Prod,60,0.5036789766305002,Sector
Eddy,Utilities,95,0.5239952518835963,Sector
