parent,child,Count,Growth_Rate,Type
,Stark,911,0.4570193678964174,Overall
Stark,HiTech,67,0.037846759365678495,Sector
Stark,Agriculture,84,0.24625831697493683,Sector
Stark,Transportation,23,0.5337488489639491,Sector
Stark,Consumer_Products,85,0.3172366788342146,Sector
Stark,Unassigned,92,0.33598149524611065,Sector
Stark,Communication,41,0.30696425721358134,Sector
Stark,Trade,42,0.5923201247993024,Sector
Stark,Business_Services,81,0.9151421907022903,Sector
Stark,Business_Products,61,0.8171352212075864,Sector
Stark,Construction,80,0.4401633582918191,Sector
Stark,Services,65,0.5099592242279066,Sector
Stark,Mining,27,0.48381664837379945,Sector
Stark,Health_Care,65,0.6287709149869946,Sector
Stark,EnergyExpL_Prod,56,0.2040152258466471,Sector
Stark,Utilities,42,0.48593125341144405,Sector
