parent,child,Count,Growth_Rate,Type
,Sioux,811,0.49238930562661964,Overall
Sioux,HiTech,91,0.5993057036850925,Sector
Sioux,Agriculture,81,0.20331743128991975,Sector
Sioux,Transportation,81,0.6067691071243628,Sector
Sioux,Consumer_Products,45,0.47971532916534443,Sector
Sioux,Unassigned,61,0.4350392530830025,Sector
Sioux,Communication,44,0.8915473925877787,Sector
Sioux,Trade,88,0.2888044001979918,Sector
Sioux,Business_Services,58,0.22706558779335817,Sector
Sioux,Business_Products,28,0.7918026121618981,Sector
Sioux,Construction,55,0.2579785442977749,Sector
Sioux,Services,46,0.8361187163270409,Sector
Sioux,Mining,23,0.4995416974564326,Sector
Sioux,Health_Care,38,0.12928517505960735,Sector
Sioux,EnergyExpL_Prod,28,0.3481933986761587,Sector
Sioux,Utilities,44,0.7913552354935307,Sector
