parent,child,Count,Growth_Rate,Type
,Wells,589,0.48390522664837654,Overall
Wells,HiTech,23,0.3907656587889915,Sector
Wells,Agriculture,3,0.40016460629783424,Sector
Wells,Transportation,45,0.6628300864181288,Sector
Wells,Consumer_Products,26,0.6132356181815567,Sector
Wells,Unassigned,26,0.7424740279845055,Sector
Wells,Communication,72,0.3321201835856801,Sector
Wells,Trade,12,0.3359871184665031,Sector
Wells,Business_Services,48,0.13743927978954096,Sector
Wells,Business_Products,98,0.3943976344108704,Sector
Wells,Construction,8,0.6837239349385462,Sector
Wells,Services,35,0.40856421854499436,Sector
Wells,Mining,50,0.7452118836146429,Sector
Wells,Health_Care,54,0.24846887192135603,Sector
Wells,EnergyExpL_Prod,39,0.9342597319858642,Sector
Wells,Utilities,50,0.22893554479663303,Sector
