parent,child,Count,Growth_Rate,Type
,Ward,746,0.5593383267239223,Overall
Ward,HiTech,35,0.03053909598117399,Sector
Ward,Agriculture,77,0.3977211977574264,Sector
Ward,Transportation,8,0.9482604685506818,Sector
Ward,Consumer_Products,63,0.7541752315055756,Sector
Ward,Unassigned,59,0.42583251002721356,Sector
Ward,Communication,38,0.6229029032394867,Sector
Ward,Trade,86,0.9343179462667266,Sector
Ward,Business_Services,73,0.1949545190965054,Sector
Ward,Business_Products,32,0.6958088482153859,Sector
Ward,Construction,45,0.6744330940122611,Sector
Ward,Services,68,0.4730092675220232,Sector
Ward,Mining,55,0.17116154896488878,Sector
Ward,Health_Care,30,0.9164638128355885,Sector
Ward,EnergyExpL_Prod,76,0.4105745529156748,Sector
Ward,Utilities,1,0.7399199039682203,Sector
