parent,child,Count,Growth_Rate,Type
,Clark,817,0.550219774357655,Overall
Clark,HiTech,96,0.677748560250628,Sector
Clark,Agriculture,84,0.6217937552404014,Sector
Clark,Transportation,78,0.8111563604172847,Sector
Clark,Consumer_Products,39,0.7075691826452115,Sector
Clark,Unassigned,22,0.8929761203302443,Sector
Clark,Communication,51,0.029479798032522875,Sector
Clark,Trade,40,0.5376705955218986,Sector
Clark,Business_Services,23,0.6117391495136073,Sector
Clark,Business_Products,68,0.5108761954190368,Sector
Clark,Construction,89,0.6413031399577817,Sector
Clark,Services,49,0.35236181722444193,Sector
Clark,Mining,17,0.48827226056856987,Sector
Clark,Health_Care,41,0.9083397985217617,Sector
Clark,EnergyExpL_Prod,59,0.023081105580871286,Sector
Clark,Utilities,61,0.43892877614056247,Sector
