parent,child,Count,Growth_Rate,Type
,Darke,911,0.4448957032784274,Overall
Darke,HiTech,19,0.5295835927416769,Sector
Darke,Agriculture,99,0.8690740098962885,Sector
Darke,Transportation,60,0.011657384457291808,Sector
Darke,Consumer_Products,12,0.9819102926741533,Sector
Darke,Unassigned,68,0.36107919975219505,Sector
Darke,Communication,96,0.5119009812191403,Sector
Darke,Trade,67,0.11035116305319193,Sector
Darke,Business_Services,4,0.9511723221476035,Sector
Darke,Business_Products,81,0.5953608199793754,Sector
Darke,Construction,93,0.5263880418705841,Sector
Darke,Services,25,0.4579094248959491,Sector
Darke,Mining,62,0.3510404199293934,Sector
Darke,Health_Care,79,0.07991554757585895,Sector
Darke,EnergyExpL_Prod,87,0.17032320776352694,Sector
Darke,Utilities,59,0.16576914122018127,Sector
