parent,child,Count,Growth_Rate,Type
,Lake,912,0.4954740721146504,Overall
Lake,HiTech,58,0.6344959218855827,Sector
Lake,Agriculture,26,0.429629229141558,Sector
Lake,Transportation,96,0.41252582798999626,Sector
Lake,Consumer_Products,11,0.7675171859703794,Sector
Lake,Unassigned,93,0.9431938483512603,Sector
Lake,Communication,46,0.5330522911220166,Sector
Lake,Trade,69,0.6584058572272148,Sector
Lake,Business_Services,86,0.4318533372239133,Sector
Lake,Business_Products,95,0.05788851907775505,Sector
Lake,Construction,65,0.822518646457163,Sector
Lake,Services,38,0.21244510983020337,Sector
Lake,Mining,99,0.5715148836044665,Sector
Lake,Health_Care,36,0.23413030317415506,Sector
Lake,EnergyExpL_Prod,59,0.025851996717774273,Sector
Lake,Utilities,35,0.6970881239463179,Sector
