parent,child,Count,Growth_Rate,Type
,Perry,662,0.46437949759870345,Overall
Perry,HiTech,38,0.9068372178313104,Sector
Perry,Agriculture,82,0.36041343480546784,Sector
Perry,Transportation,36,0.11187651186534053,Sector
Perry,Consumer_Products,73,0.44756246596960836,Sector
Perry,Unassigned,43,0.21209240291579257,Sector
Perry,Communication,25,0.6304089666246755,Sector
Perry,Trade,10,0.042842467290757136,Sector
Perry,Business_Services,14,0.6251706117014564,Sector
Perry,Business_Products,27,0.7855934943413899,Sector
Perry,Construction,74,0.7525954748012494,Sector
Perry,Services,65,0.7280520227747772,Sector
Perry,Mining,68,0.2648027819886237,Sector
Perry,Health_Care,33,0.25537757361527014,Sector
Perry,EnergyExpL_Prod,38,0.5572329282676076,Sector
Perry,Utilities,36,0.2848341091872244,Sector
