parent,child,Count,Growth_Rate,Type
,Pike,851,0.40941927859757665,Overall
Pike,HiTech,31,0.07979195235262282,Sector
Pike,Agriculture,77,0.7121217191514592,Sector
Pike,Transportation,62,0.4564776181477236,Sector
Pike,Consumer_Products,33,0.41200532874818596,Sector
Pike,Unassigned,63,0.20243190451047932,Sector
Pike,Communication,90,0.30253851431060774,Sector
Pike,Trade,84,0.3007108691833561,Sector
Pike,Business_Services,33,0.7128081610285946,Sector
Pike,Business_Products,34,0.11338144409886564,Sector
Pike,Construction,88,0.6102956775559175,Sector
Pike,Services,41,0.26537315496163094,Sector
Pike,Mining,38,0.7936891226683298,Sector
Pike,Health_Care,50,0.5492302507416083,Sector
Pike,EnergyExpL_Prod,90,0.44902188390473197,Sector
Pike,Utilities,37,0.18141157759953563,Sector
