parent,child,Count,Growth_Rate,Type
,Ross,630,0.49307879751740846,Overall
Ross,HiTech,87,0.8630654698392056,Sector
Ross,Agriculture,59,0.5976947558818004,Sector
Ross,Transportation,9,0.6497266826542865,Sector
Ross,Consumer_Products,30,0.01570657898153527,Sector
Ross,Unassigned,75,0.4868202317105986,Sector
Ross,Communication,43,0.03458409866905365,Sector
Ross,Trade,34,0.7576070175364651,Sector
Ross,Business_Services,68,0.41925115814548874,Sector
Ross,Business_Products,16,0.3943876935972913,Sector
Ross,Construction,73,0.8308424995750894,Sector
Ross,Services,5,0.7932683317222696,Sector
Ross,Mining,58,0.14599003782084474,Sector
Ross,Health_Care,14,0.5611826978617905,Sector
Ross,EnergyExpL_Prod,2,0.5436863754037499,Sector
Ross,Utilities,57,0.3023683333616588,Sector
