parent,child,Count,Growth_Rate,Type
,Union,683,0.4424132737167278,Overall
Union,HiTech,0,0.04855344876415357,Sector
Union,Agriculture,14,0.23142993168173587,Sector
Union,Transportation,50,0.8770646274038677,Sector
Union,Consumer_Products,95,0.0375356738434649,Sector
Union,Unassigned,84,0.5649316434578135,Sector
Union,Communication,78,0.34733697633337124,Sector
Union,Trade,57,0.8467769825934186,Sector
Union,Business_Services,61,0.4036794531683834,Sector
Union,Business_Products,60,0.6009426846318628,Sector
Union,Construction,21,0.21578423661051016,Sector
Union,Services,20,0.30986827379060367,Sector
Union,Mining,1,0.43163620109993195,Sector
Union,Health_Care,51,0.12021590242818114,Sector
Union,EnergyExpL_Prod,68,0.9696394954851537,Sector
Union,Utilities,23,0.6308035744584648,Sector
