parent,child,Count,Growth_Rate,Type
,Stark,672,0.48124623401688926,Overall
Stark,HiTech,46,0.6259397909352581,Sector
Stark,Agriculture,6,0.8678381284099008,Sector
Stark,Transportation,67,0.4662697547396618,Sector
Stark,Consumer_Products,51,0.6465775364399236,Sector
Stark,Unassigned,27,0.7727898747989381,Sector
Stark,Communication,43,0.7510842215733438,Sector
Stark,Trade,92,0.8063692715191015,Sector
Stark,Business_Services,37,0.2050237743475367,Sector
Stark,Business_Products,94,0.6276989365852743,Sector
Stark,Construction,46,0.038757043951970105,Sector
Stark,Services,48,0.24319033398672263,Sector
Stark,Mining,12,0.18791844106192757,Sector
Stark,Health_Care,22,0.702143592618225,Sector
Stark,EnergyExpL_Prod,45,0.19071847521411078,Sector
Stark,Utilities,36,0.08637433407144479,Sector
