parent,child,Count,Growth_Rate,Type
,Wood,841,0.6061097800633171,Overall
Wood,HiTech,84,0.6456419506830666,Sector
Wood,Agriculture,15,0.21919410318394061,Sector
Wood,Transportation,70,0.2340202095146574,Sector
Wood,Consumer_Products,48,0.5097230582199905,Sector
Wood,Unassigned,60,0.9148361109685288,Sector
Wood,Communication,69,0.08137245145707617,Sector
Wood,Trade,86,0.6287871649428458,Sector
Wood,Business_Services,59,0.39868018369363933,Sector
Wood,Business_Products,32,0.2588897836695949,Sector
Wood,Construction,63,0.9164736349935033,Sector
Wood,Services,51,0.7052885727618626,Sector
Wood,Mining,72,0.839207687322434,Sector
Wood,Health_Care,50,0.9703137324385729,Sector
Wood,EnergyExpL_Prod,57,0.8756674286565699,Sector
Wood,Utilities,25,0.893550628443473,Sector
