parent,child,Count,Growth_Rate,Type
,Atoka,786,0.5268751074354323,Overall
Atoka,HiTech,64,0.3710222644365695,Sector
Atoka,Agriculture,68,0.1824031619130424,Sector
Atoka,Transportation,24,0.18555511488521126,Sector
Atoka,Consumer_Products,86,0.6277978479643757,Sector
Atoka,Unassigned,61,0.9929496057753141,Sector
Atoka,Communication,40,0.8367344960577977,Sector
Atoka,Trade,6,0.5794866490662325,Sector
Atoka,Business_Services,80,0.7441536137628294,Sector
Atoka,Business_Products,87,0.8331080795612782,Sector
Atoka,Construction,18,0.01612467288125108,Sector
Atoka,Services,20,0.7924771638833059,Sector
Atoka,Mining,82,0.7606374283876222,Sector
Atoka,Health_Care,21,0.34045062654970326,Sector
Atoka,EnergyExpL_Prod,35,0.0011271085832138539,Sector
Atoka,Utilities,94,0.6390987778237383,Sector
