parent,child,Count,Growth_Rate,Type
,Craig,869,0.5096348904021221,Overall
Craig,HiTech,45,0.013744940456710042,Sector
Craig,Agriculture,69,0.8638384383140807,Sector
Craig,Transportation,97,0.8920433014119652,Sector
Craig,Consumer_Products,10,0.09783449623485607,Sector
Craig,Unassigned,23,0.6351608969212537,Sector
Craig,Communication,74,0.8278851420160537,Sector
Craig,Trade,82,0.4757754112490421,Sector
Craig,Business_Services,44,0.9670888602583141,Sector
Craig,Business_Products,99,0.05058441578716033,Sector
Craig,Construction,39,0.9196748588310217,Sector
Craig,Services,86,0.23739293306514586,Sector
Craig,Mining,96,0.3498846096267323,Sector
Craig,Health_Care,8,0.13315853934485622,Sector
Craig,EnergyExpL_Prod,95,0.23459352492197072,Sector
Craig,Utilities,2,0.9458629875926676,Sector
