parent,child,Count,Growth_Rate,Type
,Grant,742,0.39260459885832616,Overall
Grant,HiTech,32,0.09392764940556264,Sector
Grant,Agriculture,12,0.020436943891126713,Sector
Grant,Transportation,60,0.9953149902890265,Sector
Grant,Consumer_Products,97,0.1643297010969167,Sector
Grant,Unassigned,16,0.9998687944267238,Sector
Grant,Communication,3,0.7254780121599859,Sector
Grant,Trade,7,0.5002104172811429,Sector
Grant,Business_Services,76,0.0469130088855888,Sector
Grant,Business_Products,10,0.6145420111176673,Sector
Grant,Construction,99,0.0075386238967272146,Sector
Grant,Services,75,0.17766909587502078,Sector
Grant,Mining,82,0.5737364291226305,Sector
Grant,Health_Care,20,0.2549122257253893,Sector
Grant,EnergyExpL_Prod,59,0.5295280778478865,Sector
Grant,Utilities,94,0.1846630018534977,Sector
