parent,child,Count,Growth_Rate,Type
,Grady,882,0.48596350347498685,Overall
Grady,HiTech,25,0.8748329244456895,Sector
Grady,Agriculture,49,0.004254660974477242,Sector
Grady,Transportation,0,0.4394682515273163,Sector
Grady,Consumer_Products,88,0.31468241325152313,Sector
Grady,Unassigned,53,0.9581354981551922,Sector
Grady,Communication,72,0.4978998146119046,Sector
Grady,Trade,67,0.4836861427641208,Sector
Grady,Business_Services,98,0.29209535002241094,Sector
Grady,Business_Products,35,0.7906502235662024,Sector
Grady,Construction,73,0.9538961134426235,Sector
Grady,Services,87,0.34124097777929174,Sector
Grady,Mining,57,0.7846830382711237,Sector
Grady,Health_Care,84,0.18671549740222004,Sector
Grady,EnergyExpL_Prod,51,0.2820515992302276,Sector
Grady,Utilities,43,0.08516004668048016,Sector
