parent,child,Count,Growth_Rate,Type
,Kay,901,0.4428077328351064,Overall
Kay,HiTech,81,0.09769565563711236,Sector
Kay,Agriculture,4,0.14096873821827416,Sector
Kay,Transportation,75,0.6563477210732612,Sector
Kay,Consumer_Products,64,0.2229196077483515,Sector
Kay,Unassigned,79,0.9275641812214447,Sector
Kay,Communication,66,0.8219031844579543,Sector
Kay,Trade,75,0.27501921614151803,Sector
Kay,Business_Services,42,0.338148137975838,Sector
Kay,Business_Products,17,0.9250588587018106,Sector
Kay,Construction,5,0.05462860556222571,Sector
Kay,Services,93,0.20000942390879162,Sector
Kay,Mining,54,0.20349321723993397,Sector
Kay,Health_Care,80,0.49554251410552463,Sector
Kay,EnergyExpL_Prod,72,0.8869161934969898,Sector
Kay,Utilities,94,0.39590073703756556,Sector
