parent,child,Count,Growth_Rate,Type
,Love,773,0.5175966315180116,Overall
Love,HiTech,28,0.7173678898368286,Sector
Love,Agriculture,23,0.04596585540415399,Sector
Love,Transportation,43,0.4325703085861876,Sector
Love,Consumer_Products,8,0.7884185899834831,Sector
Love,Unassigned,86,0.7813055157510599,Sector
Love,Communication,8,0.5602188912546169,Sector
Love,Trade,43,0.26938104301287114,Sector
Love,Business_Services,70,0.5706838214900275,Sector
Love,Business_Products,61,0.5195904293681242,Sector
Love,Construction,91,0.6672422505014709,Sector
Love,Services,96,0.8246414819256691,Sector
Love,Mining,59,0.19488830324456463,Sector
Love,Health_Care,86,0.38514840057377775,Sector
Love,EnergyExpL_Prod,19,0.3749439466735809,Sector
Love,Utilities,52,0.6315827451637579,Sector
