parent,child,Count,Growth_Rate,Type
,Logan,779,0.5450947755599139,Overall
Logan,HiTech,64,0.7062819905493525,Sector
Logan,Agriculture,78,0.011119778053878204,Sector
Logan,Transportation,62,0.8087063306864314,Sector
Logan,Consumer_Products,66,0.8464843793720797,Sector
Logan,Unassigned,16,0.21359754217145266,Sector
Logan,Communication,13,0.3400478534615451,Sector
Logan,Trade,9,0.4681221792711928,Sector
Logan,Business_Services,47,0.7876095477291226,Sector
Logan,Business_Products,62,0.6240382638088898,Sector
Logan,Construction,57,0.9835235742386463,Sector
Logan,Services,9,0.5944828942072483,Sector
Logan,Mining,58,0.28749666581758815,Sector
Logan,Health_Care,99,0.037507241462015894,Sector
Logan,EnergyExpL_Prod,70,0.9842754348259222,Sector
Logan,Utilities,69,0.4831279577433424,Sector
