parent,child,Count,Growth_Rate,Type
,Tulsa,651,0.4546461254968007,Overall
Tulsa,HiTech,55,0.14332807526989877,Sector
Tulsa,Agriculture,78,0.07250248548920979,Sector
Tulsa,Transportation,23,0.9415582198133408,Sector
Tulsa,Consumer_Products,58,0.8635611408428838,Sector
Tulsa,Unassigned,27,0.14161110535866595,Sector
Tulsa,Communication,38,0.5250691573323502,Sector
Tulsa,Trade,88,0.1480867416351811,Sector
Tulsa,Business_Services,37,0.024136417699943014,Sector
Tulsa,Business_Products,41,0.899155540193949,Sector
Tulsa,Construction,58,0.3258255125304982,Sector
Tulsa,Services,55,0.2709303313011089,Sector
Tulsa,Mining,27,0.29927175514304616,Sector
Tulsa,Health_Care,50,0.4406508002306785,Sector
Tulsa,EnergyExpL_Prod,14,0.7477536110655706,Sector
Tulsa,Utilities,2,0.9762509885456847,Sector
