parent,child,Count,Growth_Rate,Type
,Baker,691,0.5809083652638516,Overall
Baker,HiTech,49,0.7775662678470011,Sector
Baker,Agriculture,83,0.43147837241042897,Sector
Baker,Transportation,96,0.753018591484106,Sector
Baker,Consumer_Products,11,0.9444790579562453,Sector
Baker,Unassigned,11,0.5885829040837005,Sector
Baker,Communication,38,0.30754200045930413,Sector
Baker,Trade,39,0.01759703410780955,Sector
Baker,Business_Services,10,0.46525746586628436,Sector
Baker,Business_Products,39,0.6611821901595946,Sector
Baker,Construction,75,0.1352038119510961,Sector
Baker,Services,77,0.14531572419044847,Sector
Baker,Mining,18,0.8258349049059465,Sector
Baker,Health_Care,21,0.8793791999146798,Sector
Baker,EnergyExpL_Prod,56,0.9584642016651727,Sector
Baker,Utilities,68,0.8227237519559545,Sector
