parent,child,Count,Growth_Rate,Type
,Coos,834,0.37394194132218256,Overall
Coos,HiTech,93,0.522159149163837,Sector
Coos,Agriculture,65,0.5874871414343341,Sector
Coos,Transportation,7,0.0045841914414304075,Sector
Coos,Consumer_Products,82,0.1335946597785015,Sector
Coos,Unassigned,38,0.5033659570671801,Sector
Coos,Communication,92,0.6925358117854087,Sector
Coos,Trade,0,0.658092650174592,Sector
Coos,Business_Services,84,0.23979032254984745,Sector
Coos,Business_Products,93,0.30938264446634667,Sector
Coos,Construction,73,0.36963708628069103,Sector
Coos,Services,1,0.25250577703070587,Sector
Coos,Mining,88,0.7018237048780559,Sector
Coos,Health_Care,31,0.06263873331251746,Sector
Coos,EnergyExpL_Prod,28,0.20806219944914428,Sector
Coos,Utilities,59,0.36346909102014735,Sector
