parent,child,Count,Growth_Rate,Type
,Curry,823,0.5021196295062682,Overall
Curry,HiTech,68,0.2012056875925894,Sector
Curry,Agriculture,17,0.5989307857182208,Sector
Curry,Transportation,43,0.37347468519490656,Sector
Curry,Consumer_Products,7,0.9650872116102117,Sector
Curry,Unassigned,75,0.13742632249618802,Sector
Curry,Communication,44,0.45544140966564006,Sector
Curry,Trade,93,0.3005043315886754,Sector
Curry,Business_Services,85,0.847271342829864,Sector
Curry,Business_Products,58,0.36634384394123176,Sector
Curry,Construction,70,0.9787973191766074,Sector
Curry,Services,24,0.6281073173201894,Sector
Curry,Mining,85,0.034558670606033015,Sector
Curry,Health_Care,31,0.96510378981559,Sector
Curry,EnergyExpL_Prod,49,0.42563590721234745,Sector
Curry,Utilities,74,0.25390581782572774,Sector
