parent,child,Count,Growth_Rate,Type
,Grant,622,0.5384943434657833,Overall
Grant,HiTech,2,0.9563460362265449,Sector
Grant,Agriculture,21,0.6030490820819989,Sector
Grant,Transportation,51,0.18091505007982334,Sector
Grant,Consumer_Products,62,0.39135027739085837,Sector
Grant,Unassigned,12,0.5653588006313316,Sector
Grant,Communication,56,0.47312143551807084,Sector
Grant,Trade,16,0.8856037919076268,Sector
Grant,Business_Services,27,0.2741897069343655,Sector
Grant,Business_Products,42,0.14779530863560786,Sector
Grant,Construction,48,0.9240476098888428,Sector
Grant,Services,84,0.6570893195966665,Sector
Grant,Mining,82,0.805190555479254,Sector
Grant,Health_Care,24,0.015881666721670462,Sector
Grant,EnergyExpL_Prod,58,0.8487055225037725,Sector
Grant,Utilities,37,0.34877098839031406,Sector
