parent,child,Count,Growth_Rate,Type
,Lake,652,0.4300215584189349,Overall
Lake,HiTech,52,0.1750164047356798,Sector
Lake,Agriculture,39,0.4747473704228279,Sector
Lake,Transportation,13,0.2978004429103359,Sector
Lake,Consumer_Products,96,0.21592542712990592,Sector
Lake,Unassigned,1,0.4392713457809748,Sector
Lake,Communication,59,0.9215349664433529,Sector
Lake,Trade,59,0.3848421489154866,Sector
Lake,Business_Services,40,0.17593136652881647,Sector
Lake,Business_Products,65,0.0035235696109985337,Sector
Lake,Construction,53,0.7383221167324402,Sector
Lake,Services,24,0.30477131241500177,Sector
Lake,Mining,14,0.312471338774995,Sector
Lake,Health_Care,65,0.6404605399057072,Sector
Lake,EnergyExpL_Prod,6,0.7205600810627136,Sector
Lake,Utilities,66,0.6451449449147867,Sector
