parent,child,Count,Growth_Rate,Type
,Lane,756,0.6272150895858641,Overall
Lane,HiTech,32,0.6556633459601788,Sector
Lane,Agriculture,83,0.8204585328193934,Sector
Lane,Transportation,90,0.5199389365708812,Sector
Lane,Consumer_Products,76,0.13315203026949962,Sector
Lane,Unassigned,45,0.43384569243963367,Sector
Lane,Communication,42,0.7898690603225738,Sector
Lane,Trade,64,0.7436782236061479,Sector
Lane,Business_Services,56,0.9893752251137052,Sector
Lane,Business_Products,49,0.5580993933723104,Sector
Lane,Construction,57,0.5159789686723337,Sector
Lane,Services,25,0.9341068449147324,Sector
Lane,Mining,23,0.6563242828342946,Sector
Lane,Health_Care,64,0.3786867476872351,Sector
Lane,EnergyExpL_Prod,25,0.3109643039185944,Sector
Lane,Utilities,25,0.9680847552864503,Sector
