parent,child,Count,Growth_Rate,Type
,Linn,674,0.4410133582826382,Overall
Linn,HiTech,78,0.42158376108830475,Sector
Linn,Agriculture,29,0.2982030965908139,Sector
Linn,Transportation,94,0.3216619076628313,Sector
Linn,Consumer_Products,45,0.6608468963897404,Sector
Linn,Unassigned,33,0.5210724142897706,Sector
Linn,Communication,7,0.38469365038510983,Sector
Linn,Trade,39,0.7977472833742085,Sector
Linn,Business_Services,91,0.4777173116796596,Sector
Linn,Business_Products,12,0.1460812853864808,Sector
Linn,Construction,27,0.0825510083006199,Sector
Linn,Services,58,0.315177006930784,Sector
Linn,Mining,28,0.20719325837386537,Sector
Linn,Health_Care,38,0.9666170536255518,Sector
Linn,EnergyExpL_Prod,5,0.6732730004512463,Sector
Linn,Utilities,90,0.34078143971058505,Sector
