parent,child,Count,Growth_Rate,Type
,Polk,899,0.4709415007395903,Overall
Polk,HiTech,97,0.715072279706407,Sector
Polk,Agriculture,50,0.2504779582968877,Sector
Polk,Transportation,68,0.14146820392220316,Sector
Polk,Consumer_Products,65,0.7002526763637518,Sector
Polk,Unassigned,80,0.6173442997964907,Sector
Polk,Communication,63,0.11769782482926072,Sector
Polk,Trade,8,0.4063394629246121,Sector
Polk,Business_Services,31,0.8259823804076605,Sector
Polk,Business_Products,70,0.6648134940322906,Sector
Polk,Construction,82,0.07119760992135127,Sector
Polk,Services,60,0.9881405514761403,Sector
Polk,Mining,40,0.17506358896049756,Sector
Polk,Health_Care,55,0.4226127753764679,Sector
Polk,EnergyExpL_Prod,68,0.9259119126956297,Sector
Polk,Utilities,62,0.04174749238420228,Sector
