parent,child,Count,Growth_Rate,Type
,Wasco,749,0.40326049489989807,Overall
Wasco,HiTech,51,0.8754356742411701,Sector
Wasco,Agriculture,69,0.5925279623897493,Sector
Wasco,Transportation,91,0.293943421618704,Sector
Wasco,Consumer_Products,91,0.6322564566233149,Sector
Wasco,Unassigned,22,0.08449309200920019,Sector
Wasco,Communication,64,0.6018929843280895,Sector
Wasco,Trade,41,0.10102039813064223,Sector
Wasco,Business_Services,60,0.7510366962868855,Sector
Wasco,Business_Products,63,0.5290312939358663,Sector
Wasco,Construction,73,0.7902360353128117,Sector
Wasco,Services,21,0.38529313001303267,Sector
Wasco,Mining,63,0.08149600670616952,Sector
Wasco,Health_Care,7,0.12139062596498851,Sector
Wasco,EnergyExpL_Prod,11,0.09024570330136383,Sector
Wasco,Utilities,22,0.11860794263648355,Sector
