parent,child,Count,Growth_Rate,Type
,Adams,669,0.48259081352655947,Overall
Adams,HiTech,32,0.7396854721289413,Sector
Adams,Agriculture,84,0.17966911621249082,Sector
Adams,Transportation,25,0.1981985538005655,Sector
Adams,Consumer_Products,21,0.4992707772643864,Sector
Adams,Unassigned,46,0.9543437327164873,Sector
Adams,Communication,90,0.6733269371802831,Sector
Adams,Trade,32,0.965972104014882,Sector
Adams,Business_Services,35,0.7378061660243758,Sector
Adams,Business_Products,77,0.5529884076077788,Sector
Adams,Construction,21,0.12519074391020968,Sector
Adams,Services,64,0.4284238461847789,Sector
Adams,Mining,41,0.5971304813417446,Sector
Adams,Health_Care,52,0.4335523594918754,Sector
Adams,EnergyExpL_Prod,37,0.13103835262375485,Sector
Adams,Utilities,12,0.022265152395839483,Sector
