parent,child,Count,Growth_Rate,Type
,Bucks,844,0.4415124200696917,Overall
Bucks,HiTech,62,0.4359819807759209,Sector
Bucks,Agriculture,75,0.6290271452631002,Sector
Bucks,Transportation,55,0.8015378700794111,Sector
Bucks,Consumer_Products,61,0.2861566778775122,Sector
Bucks,Unassigned,74,0.5252272147243009,Sector
Bucks,Communication,21,0.10084729918488544,Sector
Bucks,Trade,43,0.13271469031916638,Sector
Bucks,Business_Services,10,0.15926432970534676,Sector
Bucks,Business_Products,86,0.044134758634704396,Sector
Bucks,Construction,40,0.7330788917994423,Sector
Bucks,Services,91,0.8099011461113195,Sector
Bucks,Mining,88,0.26049800702067516,Sector
Bucks,Health_Care,36,0.26100415971702595,Sector
Bucks,EnergyExpL_Prod,78,0.8028133958933467,Sector
Bucks,Utilities,24,0.6404987339392189,Sector
