parent,child,Count,Growth_Rate,Type
,Elk,821,0.5184135436785945,Overall
Elk,HiTech,13,0.5131867035243425,Sector
Elk,Agriculture,44,0.6694513179272211,Sector
Elk,Transportation,98,0.7661573373092727,Sector
Elk,Consumer_Products,61,0.4751619473544263,Sector
Elk,Unassigned,18,0.8057326990643875,Sector
Elk,Communication,86,0.954394404446779,Sector
Elk,Trade,6,0.24013829552540056,Sector
Elk,Business_Services,83,0.34117750289642945,Sector
Elk,Business_Products,19,0.3194141189474524,Sector
Elk,Construction,55,0.9779271494779015,Sector
Elk,Services,59,0.7633848843131115,Sector
Elk,Mining,99,0.18868508962145203,Sector
Elk,Health_Care,88,0.42410383210836167,Sector
Elk,EnergyExpL_Prod,0,0.2822306000014433,Sector
Elk,Utilities,92,0.05505727266093419,Sector
