parent,child,Count,Growth_Rate,Type
,Erie,818,0.6228671211587099,Overall
Erie,HiTech,51,0.731250443011198,Sector
Erie,Agriculture,72,0.4984521906267586,Sector
Erie,Transportation,62,0.4641223587149702,Sector
Erie,Consumer_Products,6,0.20476519941043725,Sector
Erie,Unassigned,84,0.8561382327272454,Sector
Erie,Communication,42,0.8912159868491644,Sector
Erie,Trade,73,0.7638212446125641,Sector
Erie,Business_Services,81,0.3978329304554461,Sector
Erie,Business_Products,22,0.5335360016230136,Sector
Erie,Construction,39,0.9553528816842713,Sector
Erie,Services,70,0.2327452390540593,Sector
Erie,Mining,86,0.6230534897606227,Sector
Erie,Health_Care,62,0.9993610304321165,Sector
Erie,EnergyExpL_Prod,13,0.22208281871405877,Sector
Erie,Utilities,55,0.9692767697047219,Sector
