parent,child,Count,Growth_Rate,Type
,Pike,539,0.5324960827160823,Overall
Pike,HiTech,0,0.8431085760866576,Sector
Pike,Agriculture,2,0.2772406382072967,Sector
Pike,Transportation,51,0.9485638299607566,Sector
Pike,Consumer_Products,29,0.7071526879642636,Sector
Pike,Unassigned,56,0.7818067788144761,Sector
Pike,Communication,53,0.8382564857210411,Sector
Pike,Trade,69,0.4541361185972582,Sector
Pike,Business_Services,57,0.2559788821071546,Sector
Pike,Business_Products,43,0.024185897025280734,Sector
Pike,Construction,8,0.5361222846311126,Sector
Pike,Services,63,0.8379483768832968,Sector
Pike,Mining,46,0.281185819839078,Sector
Pike,Health_Care,31,0.28761292047824905,Sector
Pike,EnergyExpL_Prod,7,0.5487822375534643,Sector
Pike,Utilities,24,0.36535970687184804,Sector
