parent,child,Count,Growth_Rate,Type
,Tioga,830,0.5144631326803375,Overall
Tioga,HiTech,41,0.0961182764706704,Sector
Tioga,Agriculture,51,0.9609059482630735,Sector
Tioga,Transportation,56,0.2740075701031167,Sector
Tioga,Consumer_Products,15,0.32844398297147426,Sector
Tioga,Unassigned,51,0.22331343928377045,Sector
Tioga,Communication,89,0.6736927975486188,Sector
Tioga,Trade,77,0.9295684717334847,Sector
Tioga,Business_Services,35,0.7213229022811991,Sector
Tioga,Business_Products,36,0.5984820354232688,Sector
Tioga,Construction,50,0.42237463586008583,Sector
Tioga,Services,70,0.4319489037616413,Sector
Tioga,Mining,87,0.6263796532444931,Sector
Tioga,Health_Care,8,0.005710825063837799,Sector
Tioga,EnergyExpL_Prod,69,0.9171157816333382,Sector
Tioga,Utilities,95,0.5075617665629896,Sector
