parent,child,Count,Growth_Rate,Type
,York,562,0.6461950087316981,Overall
York,HiTech,5,0.8651538244150999,Sector
York,Agriculture,50,0.7411586781334469,Sector
York,Transportation,17,0.3408424991450003,Sector
York,Consumer_Products,64,0.46950998627316487,Sector
York,Unassigned,25,0.661616380386149,Sector
York,Communication,56,0.8980204194129779,Sector
York,Trade,18,0.8118072376206229,Sector
York,Business_Services,29,0.7652808651735403,Sector
York,Business_Products,99,0.014084590910092398,Sector
York,Construction,19,0.806288275746678,Sector
York,Services,2,0.5745490469025342,Sector
York,Mining,19,0.6216302971082638,Sector
York,Health_Care,23,0.9277444293225496,Sector
York,EnergyExpL_Prod,52,0.34055493525554736,Sector
York,Utilities,84,0.8546836651698025,Sector
