parent,child,Count,Growth_Rate,Type
,Kent,906,0.5510298764134939,Overall
Kent,HiTech,20,0.16389334934305244,Sector
Kent,Agriculture,95,0.9107258940554862,Sector
Kent,Transportation,68,0.5247960823835349,Sector
Kent,Consumer_Products,54,0.4225598293766962,Sector
Kent,Unassigned,67,0.4923214034253238,Sector
Kent,Communication,33,0.9747271093210579,Sector
Kent,Trade,82,0.40351063352508787,Sector
Kent,Business_Services,96,0.3959449244876052,Sector
Kent,Business_Products,24,0.8992981555365921,Sector
Kent,Construction,70,0.982012931180237,Sector
Kent,Services,69,0.4162252077860732,Sector
Kent,Mining,45,0.194690402926472,Sector
Kent,Health_Care,70,0.8935872473551039,Sector
Kent,EnergyExpL_Prod,63,0.30286360362571796,Sector
Kent,Utilities,50,0.2882913718743656,Sector
