parent,child,Count,Growth_Rate,Type
,Aiken,804,0.5603071689667514,Overall
Aiken,HiTech,23,0.4250878540838562,Sector
Aiken,Agriculture,13,0.7441544965914513,Sector
Aiken,Transportation,88,0.3091505952356276,Sector
Aiken,Consumer_Products,68,0.8520855824188752,Sector
Aiken,Unassigned,61,0.49477899949868687,Sector
Aiken,Communication,88,0.14099594421915707,Sector
Aiken,Trade,73,0.8169735720493446,Sector
Aiken,Business_Services,59,0.6036784738897581,Sector
Aiken,Business_Products,80,0.5684257628877782,Sector
Aiken,Construction,32,0.8283421692330517,Sector
Aiken,Services,17,0.9480078242777706,Sector
Aiken,Mining,49,0.5685575671393399,Sector
Aiken,Health_Care,59,0.25473423852311106,Sector
Aiken,EnergyExpL_Prod,83,0.7810227795592227,Sector
Aiken,Utilities,11,0.06861167489423847,Sector
