parent,child,Count,Growth_Rate,Type
,Lee,764,0.553685575459184,Overall
Lee,HiTech,78,0.5723995920865904,Sector
Lee,Agriculture,39,0.5702786162744378,Sector
Lee,Transportation,54,0.8408443633990264,Sector
Lee,Consumer_Products,71,0.5993587557536766,Sector
Lee,Unassigned,94,0.44056095788763217,Sector
Lee,Communication,62,0.849457905975156,Sector
Lee,Trade,50,0.4109548732727004,Sector
Lee,Business_Services,11,0.12897612271085734,Sector
Lee,Business_Products,51,0.7860033107305946,Sector
Lee,Construction,62,0.16440982476168353,Sector
Lee,Services,49,0.8174990376798037,Sector
Lee,Mining,18,0.07094813652795873,Sector
Lee,Health_Care,75,0.7217442782454732,Sector
Lee,EnergyExpL_Prod,48,0.44750926705565164,Sector
Lee,Utilities,2,0.8843385895265158,Sector
