parent,child,Count,Growth_Rate,Type
,Union,878,0.5446168926349558,Overall
Union,HiTech,63,0.14781666130743198,Sector
Union,Agriculture,20,0.12843538124837506,Sector
Union,Transportation,75,0.31003884246934765,Sector
Union,Consumer_Products,97,0.9252216033228599,Sector
Union,Unassigned,33,0.12000819014312192,Sector
Union,Communication,73,0.8291716264136129,Sector
Union,Trade,13,0.9297030722837735,Sector
Union,Business_Services,74,0.8756459222262647,Sector
Union,Business_Products,73,0.2634192936523062,Sector
Union,Construction,94,0.997664152940886,Sector
Union,Services,71,0.9197111785401874,Sector
Union,Mining,3,0.4949125162045527,Sector
Union,Health_Care,10,0.18310010708980884,Sector
Union,EnergyExpL_Prod,90,0.5507175717982307,Sector
Union,Utilities,89,0.49368726988357803,Sector
