parent,child,Count,Growth_Rate,Type
,York,739,0.4508519262876328,Overall
York,HiTech,74,0.42707838769776885,Sector
York,Agriculture,34,0.5289802470918697,Sector
York,Transportation,98,0.6174435625287465,Sector
York,Consumer_Products,6,0.3181805228616059,Sector
York,Unassigned,18,0.02864460586302664,Sector
York,Communication,13,0.852373736561678,Sector
York,Trade,69,0.3588584462557043,Sector
York,Business_Services,26,0.29402945647675394,Sector
York,Business_Products,98,0.2852470165200015,Sector
York,Construction,57,0.4477528872270772,Sector
York,Services,43,0.5554417488350227,Sector
York,Mining,12,0.7646362869181181,Sector
York,Health_Care,39,0.5318323135011902,Sector
York,EnergyExpL_Prod,82,0.2552588602628679,Sector
York,Utilities,70,0.49702081571306134,Sector
