parent,child,Count,Growth_Rate,Type
,Brown,787,0.44926975794252627,Overall
Brown,HiTech,22,0.28990804872417586,Sector
Brown,Agriculture,62,0.30370915965003464,Sector
Brown,Transportation,53,0.23367209333410932,Sector
Brown,Consumer_Products,46,0.023706587429023762,Sector
Brown,Unassigned,84,0.3012511198807718,Sector
Brown,Communication,25,0.6142147918060767,Sector
Brown,Trade,87,0.6813844553257674,Sector
Brown,Business_Services,47,0.8712345011259007,Sector
Brown,Business_Products,82,0.12220728107263157,Sector
Brown,Construction,9,0.9742158503607721,Sector
Brown,Services,38,0.4635617110603476,Sector
Brown,Mining,93,0.5458537129241636,Sector
Brown,Health_Care,92,0.854790466727129,Sector
Brown,EnergyExpL_Prod,24,0.1526478682743715,Sector
Brown,Utilities,23,0.30668872144261816,Sector
