parent,child,Count,Growth_Rate,Type
,Day,766,0.4178586761971764,Overall
Day,HiTech,5,0.03871309669241951,Sector
Day,Agriculture,79,0.38394683919455674,Sector
Day,Transportation,53,0.10541577511246902,Sector
Day,Consumer_Products,34,0.7864132408433496,Sector
Day,Unassigned,50,0.2623587736372097,Sector
Day,Communication,36,0.9649597862134955,Sector
Day,Trade,51,0.08716449763873169,Sector
Day,Business_Services,29,0.44216485291709895,Sector
Day,Business_Products,29,0.15302631284119939,Sector
Day,Construction,49,0.864802979555999,Sector
Day,Services,58,0.3839376064866682,Sector
Day,Mining,46,0.08872744101283503,Sector
Day,Health_Care,97,0.9148733167332836,Sector
Day,EnergyExpL_Prod,55,0.42352383924222603,Sector
Day,Utilities,95,0.3678517848361037,Sector
