parent,child,Count,Growth_Rate,Type
,Faulk,912,0.44163183236803777,Overall
Faulk,HiTech,64,0.1138835911248629,Sector
Faulk,Agriculture,36,0.3660571889537281,Sector
Faulk,Transportation,39,0.31211320542569676,Sector
Faulk,Consumer_Products,90,0.013719171598334357,Sector
Faulk,Unassigned,77,0.5133789818789878,Sector
Faulk,Communication,62,0.0944433280071002,Sector
Faulk,Trade,92,0.27437011300581404,Sector
Faulk,Business_Services,55,0.8640024215623419,Sector
Faulk,Business_Products,69,0.5770628344608891,Sector
Faulk,Construction,90,0.35211430395426946,Sector
Faulk,Services,47,0.053077129077920504,Sector
Faulk,Mining,12,0.7129513016026969,Sector
Faulk,Health_Care,93,0.6835551558112173,Sector
Faulk,EnergyExpL_Prod,19,0.7794612118492219,Sector
Faulk,Utilities,67,0.9142875472074856,Sector
