parent,child,Count,Growth_Rate,Type
,Hand,888,0.5708256476504147,Overall
Hand,HiTech,39,0.5472242388007763,Sector
Hand,Agriculture,51,0.8871274591724667,Sector
Hand,Transportation,14,0.7852528884467294,Sector
Hand,Consumer_Products,0,0.648259851514774,Sector
Hand,Unassigned,75,0.8659055308718149,Sector
Hand,Communication,22,0.6013475834610955,Sector
Hand,Trade,58,0.9781868362851274,Sector
Hand,Business_Services,69,0.4741500566665753,Sector
Hand,Business_Products,56,0.5763077489328604,Sector
Hand,Construction,48,0.10724209750356828,Sector
Hand,Services,97,0.46144317232272725,Sector
Hand,Mining,85,0.13639139113660292,Sector
Hand,Health_Care,97,0.8510410616038382,Sector
Hand,EnergyExpL_Prod,96,0.6202959335135738,Sector
Hand,Utilities,81,0.022208864523688532,Sector
