parent,child,Count,Growth_Rate,Type
,Hyde,761,0.47807191976791513,Overall
Hyde,HiTech,71,0.14730824933804232,Sector
Hyde,Agriculture,39,0.3390141497508219,Sector
Hyde,Transportation,73,0.83911925304963,Sector
Hyde,Consumer_Products,21,0.8835155065831894,Sector
Hyde,Unassigned,41,0.6205953031000015,Sector
Hyde,Communication,88,0.7434779689393147,Sector
Hyde,Trade,88,0.2513475975774083,Sector
Hyde,Business_Services,31,0.04995734094089277,Sector
Hyde,Business_Products,20,0.7735899553694726,Sector
Hyde,Construction,88,0.03677884006804877,Sector
Hyde,Services,51,0.7168745867873538,Sector
Hyde,Mining,51,0.9954641723911609,Sector
Hyde,Health_Care,6,0.4881857946168542,Sector
Hyde,EnergyExpL_Prod,80,0.04890519185404418,Sector
Hyde,Utilities,13,0.23694488615249132,Sector
