parent,child,Count,Growth_Rate,Type
,Lake,854,0.5491472872707014,Overall
Lake,HiTech,99,0.04629210179363841,Sector
Lake,Agriculture,26,0.8017897604078179,Sector
Lake,Transportation,7,0.6562994579993116,Sector
Lake,Consumer_Products,37,0.8088479715557881,Sector
Lake,Unassigned,10,0.3592144034790774,Sector
Lake,Communication,30,0.34830767925433936,Sector
Lake,Trade,94,0.8227300206712224,Sector
Lake,Business_Services,83,0.2271889976876913,Sector
Lake,Business_Products,66,0.5987164506024175,Sector
Lake,Construction,48,0.9473746358850971,Sector
Lake,Services,74,0.6575771694241641,Sector
Lake,Mining,62,0.8883554759758501,Sector
Lake,Health_Care,99,0.4381652698337516,Sector
Lake,EnergyExpL_Prod,39,0.0931308934781061,Sector
Lake,Utilities,80,0.5432190210122484,Sector
