parent,child,Count,Growth_Rate,Type
,Meade,776,0.4502840996560898,Overall
Meade,HiTech,86,0.14447346148881213,Sector
Meade,Agriculture,58,0.7688390565602518,Sector
Meade,Transportation,27,0.7981605990626364,Sector
Meade,Consumer_Products,5,0.029285299660581465,Sector
Meade,Unassigned,45,0.17523145504690474,Sector
Meade,Communication,56,0.39168214079960784,Sector
Meade,Trade,38,0.18307921748991107,Sector
Meade,Business_Services,44,0.5668710196802702,Sector
Meade,Business_Products,79,0.19331347593631287,Sector
Meade,Construction,52,0.223884443214886,Sector
Meade,Services,89,0.6443231908946282,Sector
Meade,Mining,36,0.6199940981040986,Sector
Meade,Health_Care,46,0.750183879877265,Sector
Meade,EnergyExpL_Prod,89,0.6280107294770998,Sector
Meade,Utilities,26,0.6369294275480807,Sector
