parent,child,Count,Growth_Rate,Type
,Miner,569,0.5734587716039937,Overall
Miner,HiTech,18,0.16463685258723393,Sector
Miner,Agriculture,3,0.004374843104396509,Sector
Miner,Transportation,44,0.9173386122284028,Sector
Miner,Consumer_Products,30,0.8681405449208985,Sector
Miner,Unassigned,65,0.3506964542182043,Sector
Miner,Communication,49,0.0013546249963661827,Sector
Miner,Trade,68,0.8303771121432421,Sector
Miner,Business_Services,17,0.9459599485217126,Sector
Miner,Business_Products,77,0.9599541654926289,Sector
Miner,Construction,46,0.5153227689498939,Sector
Miner,Services,7,0.3440736864787476,Sector
Miner,Mining,49,0.7301402838842038,Sector
Miner,Health_Care,4,0.18712876824031643,Sector
Miner,EnergyExpL_Prod,78,0.8715304326264773,Sector
Miner,Utilities,14,0.9108524756671807,Sector
