parent,child,Count,Growth_Rate,Type
,Union,666,0.406805593556182,Overall
Union,HiTech,48,0.45565399364789394,Sector
Union,Agriculture,10,0.4476154056053212,Sector
Union,Transportation,17,0.04428330824658089,Sector
Union,Consumer_Products,98,0.8242102082169901,Sector
Union,Unassigned,29,0.7393542920046996,Sector
Union,Communication,57,0.6505401823789504,Sector
Union,Trade,74,0.34336696962473867,Sector
Union,Business_Services,47,0.04905764674683866,Sector
Union,Business_Products,98,0.6865291960719389,Sector
Union,Construction,9,0.35167997542267193,Sector
Union,Services,27,0.05096033288120194,Sector
Union,Mining,63,0.39311876311346794,Sector
Union,Health_Care,57,0.29427183417859004,Sector
Union,EnergyExpL_Prod,3,0.29060029532474674,Sector
Union,Utilities,29,0.48084149987809854,Sector
