parent,child,Count,Growth_Rate,Type
,Todd,506,0.5354904495557402,Overall
Todd,HiTech,7,0.5658222527054138,Sector
Todd,Agriculture,12,0.7889969996547943,Sector
Todd,Transportation,4,0.6602303498864246,Sector
Todd,Consumer_Products,91,0.2381250870725209,Sector
Todd,Unassigned,47,0.03612289092001708,Sector
Todd,Communication,2,0.3756723601934202,Sector
Todd,Trade,67,0.603290622293956,Sector
Todd,Business_Services,32,0.5135247351788752,Sector
Todd,Business_Products,11,0.7568288011810462,Sector
Todd,Construction,18,0.8874019568693873,Sector
Todd,Services,58,0.7803918648583489,Sector
Todd,Mining,9,0.12084225731269105,Sector
Todd,Health_Care,51,0.9607597636936013,Sector
Todd,EnergyExpL_Prod,31,0.6279615216260206,Sector
Todd,Utilities,66,0.11638527988958713,Sector
