parent,child,Count,Growth_Rate,Type
,Clay,831,0.6143796290970089,Overall
Clay,HiTech,39,0.6994797912511355,Sector
Clay,Agriculture,46,0.804878201411893,Sector
Clay,Transportation,27,0.9660491740323195,Sector
Clay,Consumer_Products,41,0.47488722845126263,Sector
Clay,Unassigned,51,0.2714940042723515,Sector
Clay,Communication,80,0.8638206709698356,Sector
Clay,Trade,98,0.7898623023908645,Sector
Clay,Business_Services,20,0.8241967564809047,Sector
Clay,Business_Products,23,0.4349432882035914,Sector
Clay,Construction,7,0.8120980616615391,Sector
Clay,Services,97,0.03899245761241876,Sector
Clay,Mining,91,0.8284826312248394,Sector
Clay,Health_Care,59,0.23359617200195104,Sector
Clay,EnergyExpL_Prod,55,0.7430146786114792,Sector
Clay,Utilities,97,0.4298990178787502,Sector
