parent,child,Count,Growth_Rate,Type
,Moore,757,0.3777397569534258,Overall
Moore,HiTech,78,0.8780857632101567,Sector
Moore,Agriculture,55,0.31008891487738277,Sector
Moore,Transportation,33,0.9786883245145309,Sector
Moore,Consumer_Products,86,0.05814163908424963,Sector
Moore,Unassigned,55,0.035546289637414796,Sector
Moore,Communication,43,0.4482624683184451,Sector
Moore,Trade,44,0.013254132792300699,Sector
Moore,Business_Services,91,0.40796118212806864,Sector
Moore,Business_Products,47,0.038557148497346594,Sector
Moore,Construction,10,0.28876144849924146,Sector
Moore,Services,26,0.5860459941613998,Sector
Moore,Mining,57,0.2866533584055526,Sector
Moore,Health_Care,24,0.4984421519301325,Sector
Moore,EnergyExpL_Prod,62,0.3146665989954769,Sector
Moore,Utilities,46,0.5229409392496881,Sector
