parent,child,Count,Growth_Rate,Type
,Meigs,854,0.4583324332821363,Overall
Meigs,HiTech,82,0.5252943982973018,Sector
Meigs,Agriculture,97,0.8301661074763536,Sector
Meigs,Transportation,51,0.059146243636321816,Sector
Meigs,Consumer_Products,40,0.016959359712582778,Sector
Meigs,Unassigned,65,0.7622706563032942,Sector
Meigs,Communication,99,0.7913725722709193,Sector
Meigs,Trade,0,0.06825539066939401,Sector
Meigs,Business_Services,95,0.8515416567965471,Sector
Meigs,Business_Products,35,0.6853754541382151,Sector
Meigs,Construction,99,0.043555224321084274,Sector
Meigs,Services,68,0.6697716546229885,Sector
Meigs,Mining,1,0.5481758829756902,Sector
Meigs,Health_Care,16,0.2579567456945603,Sector
Meigs,EnergyExpL_Prod,69,0.32495236127157856,Sector
Meigs,Utilities,37,0.44019279104521336,Sector
