parent,child,Count,Growth_Rate,Type
,Polk,738,0.41404779905141637,Overall
Polk,HiTech,87,0.28795085883230165,Sector
Polk,Agriculture,63,0.27446231007241306,Sector
Polk,Transportation,36,0.403076808330429,Sector
Polk,Consumer_Products,23,0.925822167645093,Sector
Polk,Unassigned,39,0.4076909166479359,Sector
Polk,Communication,64,0.07130820803800941,Sector
Polk,Trade,23,0.7397917763670847,Sector
Polk,Business_Services,41,0.3457519475899842,Sector
Polk,Business_Products,32,0.2629322322118176,Sector
Polk,Construction,49,0.5249573677696003,Sector
Polk,Services,98,0.3583048846433894,Sector
Polk,Mining,63,0.8763345360572099,Sector
Polk,Health_Care,26,0.11981943827403929,Sector
Polk,EnergyExpL_Prod,40,0.12521558307437175,Sector
Polk,Utilities,54,0.48729795021756717,Sector
