parent,child,Count,Growth_Rate,Type
,Roane,626,0.3856539502211284,Overall
Roane,HiTech,46,0.824181651251117,Sector
Roane,Agriculture,35,0.009498757226748422,Sector
Roane,Transportation,3,0.4634600435291799,Sector
Roane,Consumer_Products,35,0.09668702732427681,Sector
Roane,Unassigned,68,0.27088186016495863,Sector
Roane,Communication,22,0.1664494944113888,Sector
Roane,Trade,39,0.5350853197012547,Sector
Roane,Business_Services,97,0.9062075473193655,Sector
Roane,Business_Products,45,0.9987887396296012,Sector
Roane,Construction,59,0.14821560666847144,Sector
Roane,Services,2,0.4524964815275123,Sector
Roane,Mining,82,0.0025994997945160137,Sector
Roane,Health_Care,59,0.11253716875086828,Sector
Roane,EnergyExpL_Prod,1,0.4443800530928643,Sector
Roane,Utilities,33,0.3533400029248034,Sector
