parent,child,Count,Growth_Rate,Type
,Rhea,957,0.4729571766173923,Overall
Rhea,HiTech,50,0.5238755203593278,Sector
Rhea,Agriculture,37,0.1279710784968886,Sector
Rhea,Transportation,98,0.7969166711739389,Sector
Rhea,Consumer_Products,57,0.1756818460001497,Sector
Rhea,Unassigned,98,0.08102212800159769,Sector
Rhea,Communication,62,0.18332294377542857,Sector
Rhea,Trade,98,0.5876875263767031,Sector
Rhea,Business_Services,23,0.5463138930444946,Sector
Rhea,Business_Products,89,0.7717036106362467,Sector
Rhea,Construction,1,0.5642272569769486,Sector
Rhea,Services,59,0.9353449668992265,Sector
Rhea,Mining,59,0.14495147596291524,Sector
Rhea,Health_Care,97,0.8027472206132847,Sector
Rhea,EnergyExpL_Prod,46,0.2204355799675879,Sector
Rhea,Utilities,83,0.6321559309761456,Sector
