parent,child,Count,Growth_Rate,Type
,Smith,701,0.48878415529591807,Overall
Smith,HiTech,25,0.018293776201717682,Sector
Smith,Agriculture,81,0.7394733606830866,Sector
Smith,Transportation,75,0.7836828806926314,Sector
Smith,Consumer_Products,12,0.5901582316819082,Sector
Smith,Unassigned,74,0.461028029031223,Sector
Smith,Communication,44,0.11870016892268209,Sector
Smith,Trade,87,0.5653947883277498,Sector
Smith,Business_Services,61,0.24937562977613126,Sector
Smith,Business_Products,12,0.19239274542045337,Sector
Smith,Construction,5,0.8812616205964673,Sector
Smith,Services,89,0.007113897775715139,Sector
Smith,Mining,22,0.5707739711190833,Sector
Smith,Health_Care,30,0.9351960575916428,Sector
Smith,EnergyExpL_Prod,76,0.7457943935053571,Sector
Smith,Utilities,8,0.47312277811292125,Sector
