parent,child,Count,Growth_Rate,Type
,Union,648,0.45764771632454543,Overall
Union,HiTech,96,0.27242070720496536,Sector
Union,Agriculture,56,0.30573980061834194,Sector
Union,Transportation,15,0.615428412130186,Sector
Union,Consumer_Products,32,0.11173779039360376,Sector
Union,Unassigned,44,0.9056317473267044,Sector
Union,Communication,0,0.9238110378686315,Sector
Union,Trade,52,0.007077623071822137,Sector
Union,Business_Services,31,0.3679799109148767,Sector
Union,Business_Products,50,0.5049973735642912,Sector
Union,Construction,60,0.9692786025038658,Sector
Union,Services,32,0.10438796656643146,Sector
Union,Mining,13,0.5873148843714372,Sector
Union,Health_Care,50,0.8420184425984972,Sector
Union,EnergyExpL_Prod,79,0.046108010491193174,Sector
Union,Utilities,38,0.30078343524333406,Sector
