parent,child,Count,Growth_Rate,Type
,Wayne,852,0.5520791035836331,Overall
Wayne,HiTech,83,0.23719240168741462,Sector
Wayne,Agriculture,96,0.9790330147530797,Sector
Wayne,Transportation,51,0.8218720310624933,Sector
Wayne,Consumer_Products,87,0.024986289873717205,Sector
Wayne,Unassigned,46,0.33872062171794404,Sector
Wayne,Communication,93,0.8856354020818681,Sector
Wayne,Trade,96,0.4316994193643411,Sector
Wayne,Business_Services,20,0.8420110425689963,Sector
Wayne,Business_Products,84,0.7515041342169126,Sector
Wayne,Construction,16,0.014702450483268792,Sector
Wayne,Services,34,0.31581116314577495,Sector
Wayne,Mining,43,0.035701274709348696,Sector
Wayne,Health_Care,15,0.8105850357138348,Sector
Wayne,EnergyExpL_Prod,73,0.9306465686617107,Sector
Wayne,Utilities,15,0.86108570371379,Sector
