parent,child,Count,Growth_Rate,Type
,Bell,892,0.6407910957336209,Overall
Bell,HiTech,14,0.3656336005985301,Sector
Bell,Agriculture,93,0.3679167397114864,Sector
Bell,Transportation,57,0.8686239810406259,Sector
Bell,Consumer_Products,81,0.8039310693152544,Sector
Bell,Unassigned,89,0.804972002394795,Sector
Bell,Communication,48,0.9162735009798779,Sector
Bell,Trade,54,0.6384937617325571,Sector
Bell,Business_Services,83,0.10309987600164594,Sector
Bell,Business_Products,40,0.05799478168919736,Sector
Bell,Construction,42,0.8421456468118685,Sector
Bell,Services,90,0.6469539950470681,Sector
Bell,Mining,70,0.6730456377954992,Sector
Bell,Health_Care,48,0.8378755407451985,Sector
Bell,EnergyExpL_Prod,77,0.9706087235839972,Sector
Bell,Utilities,6,0.7142975785567146,Sector
