parent,child,Count,Growth_Rate,Type
,Bee,791,0.5000501222493786,Overall
Bee,HiTech,49,0.49344122192439066,Sector
Bee,Agriculture,48,0.8506202196190632,Sector
Bee,Transportation,25,0.22494847503143167,Sector
Bee,Consumer_Products,54,0.75128165259378,Sector
Bee,Unassigned,90,0.3001148926694207,Sector
Bee,Communication,44,0.5536741444309209,Sector
Bee,Trade,29,0.05621591857933128,Sector
Bee,Business_Services,58,0.6830333228653468,Sector
Bee,Business_Products,64,0.2484083201988211,Sector
Bee,Construction,46,0.7960915692624079,Sector
Bee,Services,67,0.2795387522160441,Sector
Bee,Mining,27,0.3818468034600335,Sector
Bee,Health_Care,60,0.33480866758573413,Sector
Bee,EnergyExpL_Prod,67,0.7091733610169472,Sector
Bee,Utilities,63,0.8375545122870084,Sector
