parent,child,Count,Growth_Rate,Type
,Bexar,703,0.4882919057588807,Overall
Bexar,HiTech,86,0.8382210189278412,Sector
Bexar,Agriculture,58,0.4565972724329922,Sector
Bexar,Transportation,99,0.526255375136585,Sector
Bexar,Consumer_Products,13,0.3097380281760914,Sector
Bexar,Unassigned,55,0.5689180148773025,Sector
Bexar,Communication,10,0.8486371229536206,Sector
Bexar,Trade,28,0.9726440104175634,Sector
Bexar,Business_Services,73,0.3404503732413816,Sector
Bexar,Business_Products,30,0.41110757030659284,Sector
Bexar,Construction,30,0.4734926201861387,Sector
Bexar,Services,13,0.028806128656349905,Sector
Bexar,Mining,41,0.5204668609793167,Sector
Bexar,Health_Care,37,0.05464657913791571,Sector
Bexar,EnergyExpL_Prod,77,0.13577152402310422,Sector
Bexar,Utilities,53,0.8386260869304151,Sector
