parent,child,Count,Growth_Rate,Type
,Camp,844,0.4373637126483861,Overall
Camp,HiTech,78,0.07518655203372415,Sector
Camp,Agriculture,98,0.17370088294430786,Sector
Camp,Transportation,88,0.17815054901565008,Sector
Camp,Consumer_Products,36,0.7835528168410314,Sector
Camp,Unassigned,89,0.4203331900739321,Sector
Camp,Communication,23,0.8490591892810957,Sector
Camp,Trade,37,0.4232058695734794,Sector
Camp,Business_Services,32,0.44766591383865884,Sector
Camp,Business_Products,53,0.4787157742576743,Sector
Camp,Construction,82,0.1748305284104612,Sector
Camp,Services,2,0.4878208522944123,Sector
Camp,Mining,14,0.8610140989199272,Sector
Camp,Health_Care,72,0.6530701913635402,Sector
Camp,EnergyExpL_Prod,96,0.02154666183759235,Sector
Camp,Utilities,44,0.5326026190403043,Sector
