parent,child,Count,Growth_Rate,Type
,Cass,824,0.49166139342860543,Overall
Cass,HiTech,69,0.4398448317705621,Sector
Cass,Agriculture,65,0.16902586314247736,Sector
Cass,Transportation,14,0.17760063562100015,Sector
Cass,Consumer_Products,90,0.34176630779320294,Sector
Cass,Unassigned,94,0.6640654312146194,Sector
Cass,Communication,13,0.26276739963594375,Sector
Cass,Trade,80,0.06575517001978015,Sector
Cass,Business_Services,55,0.5228609674742792,Sector
Cass,Business_Products,17,0.9871096359441648,Sector
Cass,Construction,73,0.4887222108192031,Sector
Cass,Services,33,0.6319381056452024,Sector
Cass,Mining,23,0.8342283186458456,Sector
Cass,Health_Care,60,0.15978044898213872,Sector
Cass,EnergyExpL_Prod,68,0.6982679424388536,Sector
Cass,Utilities,70,0.9311876322818081,Sector
