parent,child,Count,Growth_Rate,Type
,Clay,752,0.5240079968423899,Overall
Clay,HiTech,31,0.1289044187119146,Sector
Clay,Agriculture,28,0.7363906331281166,Sector
Clay,Transportation,54,0.2520166379411838,Sector
Clay,Consumer_Products,97,0.16702141927409586,Sector
Clay,Unassigned,41,0.6730122252385018,Sector
Clay,Communication,96,0.6779301015970985,Sector
Clay,Trade,49,0.6191156647723394,Sector
Clay,Business_Services,78,0.30473425942290666,Sector
Clay,Business_Products,22,0.6434867113472253,Sector
Clay,Construction,3,0.5385524891947724,Sector
Clay,Services,21,0.6804040981904902,Sector
Clay,Mining,73,0.26960620058260754,Sector
Clay,Health_Care,79,0.7245200677323601,Sector
Clay,EnergyExpL_Prod,44,0.7193208652363425,Sector
Clay,Utilities,36,0.7251041602658929,Sector
