parent,child,Count,Growth_Rate,Type
,Coke,697,0.6059581689981772,Overall
Coke,HiTech,32,0.13449729474924488,Sector
Coke,Agriculture,96,0.7139993289117926,Sector
Coke,Transportation,59,0.4791780733397043,Sector
Coke,Consumer_Products,18,0.5737575235753889,Sector
Coke,Unassigned,43,0.47774145687730607,Sector
Coke,Communication,13,0.9036095244356681,Sector
Coke,Trade,99,0.9723970430889097,Sector
Coke,Business_Services,63,0.5770890563033956,Sector
Coke,Business_Products,16,0.5878204873922039,Sector
Coke,Construction,12,0.9371969315277063,Sector
Coke,Services,14,0.7252342636701724,Sector
Coke,Mining,65,0.6214781327697804,Sector
Coke,Health_Care,55,0.8136366551970338,Sector
Coke,EnergyExpL_Prod,48,0.2429788916990332,Sector
Coke,Utilities,64,0.3287578714353181,Sector
