parent,child,Count,Growth_Rate,Type
,Cooke,732,0.3946625156550638,Overall
Cooke,HiTech,62,0.3215057376280773,Sector
Cooke,Agriculture,40,0.28439994062968654,Sector
Cooke,Transportation,67,0.690591240097431,Sector
Cooke,Consumer_Products,37,0.7625461545237191,Sector
Cooke,Unassigned,32,0.05656161045406194,Sector
Cooke,Communication,76,0.5305328977405249,Sector
Cooke,Trade,14,0.9312866005369012,Sector
Cooke,Business_Services,97,0.45286475161959694,Sector
Cooke,Business_Products,52,0.2986766666088261,Sector
Cooke,Construction,75,0.9925301100492413,Sector
Cooke,Services,84,0.04645910731182523,Sector
Cooke,Mining,1,0.0929615818527676,Sector
Cooke,Health_Care,20,0.3363389112415436,Sector
Cooke,EnergyExpL_Prod,71,0.033158507683507255,Sector
Cooke,Utilities,4,0.08952391684824701,Sector
