parent,child,Count,Growth_Rate,Type
,Falls,785,0.5090124364221622,Overall
Falls,HiTech,16,0.6809949211875096,Sector
Falls,Agriculture,42,0.828259589264703,Sector
Falls,Transportation,1,0.3015842457825708,Sector
Falls,Consumer_Products,99,0.8531550025533479,Sector
Falls,Unassigned,93,0.8820723722112217,Sector
Falls,Communication,94,0.14509225218941335,Sector
Falls,Trade,12,0.8659113671285549,Sector
Falls,Business_Services,14,0.05752229165149769,Sector
Falls,Business_Products,85,0.10219115138072321,Sector
Falls,Construction,52,0.2982851465193196,Sector
Falls,Services,87,0.1430458882940172,Sector
Falls,Mining,23,0.9652740846133313,Sector
Falls,Health_Care,48,0.6207363975657624,Sector
Falls,EnergyExpL_Prod,70,0.0012583581861332904,Sector
Falls,Utilities,49,0.8898034778043272,Sector
