parent,child,Count,Growth_Rate,Type
,Frio,645,0.6163752498568873,Overall
Frio,HiTech,99,0.2120895555280342,Sector
Frio,Agriculture,79,0.5802036167175201,Sector
Frio,Transportation,98,0.8163136376198981,Sector
Frio,Consumer_Products,5,0.8005969699043289,Sector
Frio,Unassigned,8,0.007003877027672245,Sector
Frio,Communication,66,0.7063075823946183,Sector
Frio,Trade,22,0.889001861963775,Sector
Frio,Business_Services,13,0.4943041522304332,Sector
Frio,Business_Products,89,0.8721637502911934,Sector
Frio,Construction,13,0.17178265845267193,Sector
Frio,Services,4,0.7716341363036416,Sector
Frio,Mining,68,0.6198571082478734,Sector
Frio,Health_Care,55,0.9862089878159114,Sector
Frio,EnergyExpL_Prod,16,0.5037934406192651,Sector
Frio,Utilities,10,0.814367412736473,Sector
