parent,child,Count,Growth_Rate,Type
,Garza,812,0.5762098533940775,Overall
Garza,HiTech,55,0.2969094071890944,Sector
Garza,Agriculture,30,0.9660833100129826,Sector
Garza,Transportation,54,0.6682644904551961,Sector
Garza,Consumer_Products,73,0.13145285287755015,Sector
Garza,Unassigned,15,0.6498047074025485,Sector
Garza,Communication,53,0.9705528095666882,Sector
Garza,Trade,30,0.41485732721876634,Sector
Garza,Business_Services,94,0.4000454287576082,Sector
Garza,Business_Products,12,0.8832509255021048,Sector
Garza,Construction,63,0.5682246990193343,Sector
Garza,Services,17,0.6576612330811842,Sector
Garza,Mining,80,0.21689280285119317,Sector
Garza,Health_Care,84,0.02849259111412017,Sector
Garza,EnergyExpL_Prod,95,0.9582457060613889,Sector
Garza,Utilities,57,0.8324095098014017,Sector
