parent,child,Count,Growth_Rate,Type
,Gray,677,0.49571171636891015,Overall
Gray,HiTech,55,0.4997774218468868,Sector
Gray,Agriculture,63,0.09745668759334403,Sector
Gray,Transportation,51,0.5619516811615931,Sector
Gray,Consumer_Products,97,0.6152661515516584,Sector
Gray,Unassigned,32,0.5850103827594,Sector
Gray,Communication,8,0.7562575085085865,Sector
Gray,Trade,51,0.26836919227431366,Sector
Gray,Business_Services,13,0.41629392283050903,Sector
Gray,Business_Products,61,0.6880433997571481,Sector
Gray,Construction,76,0.8962559249463694,Sector
Gray,Services,21,0.3654460887701074,Sector
Gray,Mining,91,0.20377805115926073,Sector
Gray,Health_Care,51,0.5458944520033503,Sector
Gray,EnergyExpL_Prod,4,0.598544345631048,Sector
Gray,Utilities,3,0.33733053474007757,Sector
