parent,child,Count,Growth_Rate,Type
,Hale,866,0.5920504878770331,Overall
Hale,HiTech,94,0.9685602233289519,Sector
Hale,Agriculture,81,0.998112397536252,Sector
Hale,Transportation,62,0.8612533656528182,Sector
Hale,Consumer_Products,39,0.22531977444143336,Sector
Hale,Unassigned,40,0.15950140616465236,Sector
Hale,Communication,56,0.726652907143557,Sector
Hale,Trade,62,0.8845674306811177,Sector
Hale,Business_Services,43,0.6566453187731308,Sector
Hale,Business_Products,48,0.05406354987192341,Sector
Hale,Construction,57,0.9476313340713489,Sector
Hale,Services,97,0.5135132715649308,Sector
Hale,Mining,74,0.09014912578646117,Sector
Hale,Health_Care,0,0.17960440849095316,Sector
Hale,EnergyExpL_Prod,26,0.9310910264834764,Sector
Hale,Utilities,87,0.6840917781644883,Sector
