parent,child,Count,Growth_Rate,Type
,Hall,785,0.3641766937273557,Overall
Hall,HiTech,66,0.42626231473461873,Sector
Hall,Agriculture,68,0.22708168568848963,Sector
Hall,Transportation,80,0.32817038787888664,Sector
Hall,Consumer_Products,11,0.07895001561696968,Sector
Hall,Unassigned,35,0.2712887571375058,Sector
Hall,Communication,28,0.6525432901960705,Sector
Hall,Trade,77,0.40245559030713296,Sector
Hall,Business_Services,90,0.01875228110467797,Sector
Hall,Business_Products,11,0.3084354934894873,Sector
Hall,Construction,33,0.4267485268252281,Sector
Hall,Services,38,0.005128332611811448,Sector
Hall,Mining,78,0.9892570181687895,Sector
Hall,Health_Care,0,0.6771510291903517,Sector
Hall,EnergyExpL_Prod,79,0.16406716832261958,Sector
Hall,Utilities,91,0.4863585146376962,Sector
