parent,child,Count,Growth_Rate,Type
,Hays,600,0.5641253775588152,Overall
Hays,HiTech,66,0.2573268551123983,Sector
Hays,Agriculture,88,0.4526111801301912,Sector
Hays,Transportation,80,0.919240032461211,Sector
Hays,Consumer_Products,2,0.8620527965534133,Sector
Hays,Unassigned,47,0.2343874914757228,Sector
Hays,Communication,59,0.5556207832238759,Sector
Hays,Trade,52,0.4374299680125756,Sector
Hays,Business_Services,0,0.7749239524726347,Sector
Hays,Business_Products,0,0.4596965023417626,Sector
Hays,Construction,26,0.9989067408008176,Sector
Hays,Services,66,0.8624004618519113,Sector
Hays,Mining,27,0.7289636813300884,Sector
Hays,Health_Care,15,0.08407813127682318,Sector
Hays,EnergyExpL_Prod,26,0.6288492661985879,Sector
Hays,Utilities,46,0.20539282014021243,Sector
