parent,child,Count,Growth_Rate,Type
,Hill,669,0.5215369811634795,Overall
Hill,HiTech,76,0.8946414844909164,Sector
Hill,Agriculture,23,0.9606138680431764,Sector
Hill,Transportation,25,0.8846310715476494,Sector
Hill,Consumer_Products,56,0.379164525950728,Sector
Hill,Unassigned,36,0.22937493109685647,Sector
Hill,Communication,20,0.26652627916326144,Sector
Hill,Trade,63,0.2566577602575779,Sector
Hill,Business_Services,4,0.7480513049684426,Sector
Hill,Business_Products,72,0.009095026481174218,Sector
Hill,Construction,31,0.55027150215844,Sector
Hill,Services,83,0.2799611456650085,Sector
Hill,Mining,76,0.17574525578220024,Sector
Hill,Health_Care,71,0.9228023424342426,Sector
Hill,EnergyExpL_Prod,4,0.7342628204960019,Sector
Hill,Utilities,29,0.5312553989165167,Sector
