parent,child,Count,Growth_Rate,Type
,Hood,713,0.4343995727548666,Overall
Hood,HiTech,28,0.1726794720071133,Sector
Hood,Agriculture,40,0.4660581357443655,Sector
Hood,Transportation,13,0.08651417365571279,Sector
Hood,Consumer_Products,63,0.4712136000622259,Sector
Hood,Unassigned,40,0.5405293308025206,Sector
Hood,Communication,17,0.040094889041916604,Sector
Hood,Trade,78,0.7286170583818617,Sector
Hood,Business_Services,54,0.26222143368726625,Sector
Hood,Business_Products,43,0.9131970434841974,Sector
Hood,Construction,11,0.5403803927013326,Sector
Hood,Services,69,0.042682857745888425,Sector
Hood,Mining,57,0.863647087073884,Sector
Hood,Health_Care,86,0.36096276793417614,Sector
Hood,EnergyExpL_Prod,42,0.8835160567581172,Sector
Hood,Utilities,72,0.1436792922424197,Sector
