parent,child,Count,Growth_Rate,Type
,Hunt,723,0.40993187645907203,Overall
Hunt,HiTech,5,0.07120253442089497,Sector
Hunt,Agriculture,13,0.8466674114472595,Sector
Hunt,Transportation,56,0.24709021534661746,Sector
Hunt,Consumer_Products,44,0.5864739096868585,Sector
Hunt,Unassigned,60,0.9054023740599796,Sector
Hunt,Communication,68,0.9395541866533779,Sector
Hunt,Trade,89,0.3556156714533427,Sector
Hunt,Business_Services,8,0.07967002398297063,Sector
Hunt,Business_Products,97,0.5153444105826906,Sector
Hunt,Construction,22,0.2577307099479078,Sector
Hunt,Services,86,0.16017138183717317,Sector
Hunt,Mining,34,0.18546861378431623,Sector
Hunt,Health_Care,74,0.16571202632940418,Sector
Hunt,EnergyExpL_Prod,41,0.08377735879273007,Sector
Hunt,Utilities,26,0.7490973185605576,Sector
