parent,child,Count,Growth_Rate,Type
,Jack,637,0.5695660175828383,Overall
Jack,HiTech,38,0.8862211657846293,Sector
Jack,Agriculture,5,0.15077987332629372,Sector
Jack,Transportation,56,0.8309099475931035,Sector
Jack,Consumer_Products,90,0.5272485922055142,Sector
Jack,Unassigned,69,0.13091166531646758,Sector
Jack,Communication,13,0.3478103461936436,Sector
Jack,Trade,51,0.9453729886895553,Sector
Jack,Business_Services,42,0.9611421208309013,Sector
Jack,Business_Products,59,0.5032376860178478,Sector
Jack,Construction,47,0.4546759159729987,Sector
Jack,Services,1,0.9346228179985916,Sector
Jack,Mining,9,0.6507849429171431,Sector
Jack,Health_Care,13,0.41382958430138594,Sector
Jack,EnergyExpL_Prod,78,0.6553428676983402,Sector
Jack,Utilities,66,0.150599748896159,Sector
