parent,child,Count,Growth_Rate,Type
,Kerr,792,0.4120457919567444,Overall
Kerr,HiTech,34,0.5768739042542574,Sector
Kerr,Agriculture,66,0.3269234348797001,Sector
Kerr,Transportation,95,0.009863605002302323,Sector
Kerr,Consumer_Products,54,0.6266274460808652,Sector
Kerr,Unassigned,76,0.8357774692608659,Sector
Kerr,Communication,51,0.2951635643032354,Sector
Kerr,Trade,63,0.2138230785159697,Sector
Kerr,Business_Services,95,0.02649232824468639,Sector
Kerr,Business_Products,77,0.2736632055856473,Sector
Kerr,Construction,89,0.44280262238240187,Sector
Kerr,Services,26,0.6368591632214774,Sector
Kerr,Mining,23,0.8249486599019268,Sector
Kerr,Health_Care,17,0.5876351951829311,Sector
Kerr,EnergyExpL_Prod,16,0.08539914500824597,Sector
Kerr,Utilities,10,0.4178340575266528,Sector
