parent,child,Count,Growth_Rate,Type
,King,919,0.44719282358035495,Overall
King,HiTech,41,0.6960359130395882,Sector
King,Agriculture,47,0.6598453966216056,Sector
King,Transportation,87,0.5471301493986921,Sector
King,Consumer_Products,88,0.4031327373999054,Sector
King,Unassigned,82,0.7931465332939477,Sector
King,Communication,5,0.8635990631010476,Sector
King,Trade,7,0.11385823345149748,Sector
King,Business_Services,63,0.4011476635754917,Sector
King,Business_Products,88,0.035122919195349156,Sector
King,Construction,43,0.23655096683827237,Sector
King,Services,94,0.11121042227658517,Sector
King,Mining,93,0.626465826736813,Sector
King,Health_Care,65,0.07088240756225817,Sector
King,EnergyExpL_Prod,19,0.952272233582869,Sector
King,Utilities,97,0.19749188763140046,Sector
