parent,child,Count,Growth_Rate,Type
,Kent,991,0.43364680798800975,Overall
Kent,HiTech,83,0.5103782260768851,Sector
Kent,Agriculture,72,0.09357906784906089,Sector
Kent,Transportation,20,0.6228781628468217,Sector
Kent,Consumer_Products,98,0.6324329688495447,Sector
Kent,Unassigned,73,0.41539824970659045,Sector
Kent,Communication,71,0.03223287273277364,Sector
Kent,Trade,57,0.2797273798104676,Sector
Kent,Business_Services,84,0.9351744276491204,Sector
Kent,Business_Products,89,0.3080058520841954,Sector
Kent,Construction,82,0.04325326099215854,Sector
Kent,Services,97,0.7958663702122091,Sector
Kent,Mining,1,0.6212572448201135,Sector
Kent,Health_Care,28,0.5112983632640372,Sector
Kent,EnergyExpL_Prod,86,0.4367165235466409,Sector
Kent,Utilities,50,0.26650314937952624,Sector
