parent,child,Count,Growth_Rate,Type
,Lamb,735,0.5438034149124923,Overall
Lamb,HiTech,60,0.47366334340400773,Sector
Lamb,Agriculture,15,0.8212461353237751,Sector
Lamb,Transportation,63,0.5883315423320722,Sector
Lamb,Consumer_Products,53,0.6935533975226317,Sector
Lamb,Unassigned,63,0.9729454391686625,Sector
Lamb,Communication,1,0.6073229166899581,Sector
Lamb,Trade,20,0.6667646159034419,Sector
Lamb,Business_Services,86,0.22552604161711232,Sector
Lamb,Business_Products,84,0.615925443771712,Sector
Lamb,Construction,76,0.4092701634372864,Sector
Lamb,Services,45,0.47912407220234987,Sector
Lamb,Mining,31,0.4138301472003164,Sector
Lamb,Health_Care,41,0.42764077793307276,Sector
Lamb,EnergyExpL_Prod,3,0.4805443640624423,Sector
Lamb,Utilities,94,0.2813628231185441,Sector
