parent,child,Count,Growth_Rate,Type
,Knox,758,0.5265665006728215,Overall
Knox,HiTech,74,0.8425137116476406,Sector
Knox,Agriculture,22,0.8649047927959002,Sector
Knox,Transportation,72,0.7351695881231098,Sector
Knox,Consumer_Products,35,0.7476066435930049,Sector
Knox,Unassigned,55,0.05934989756014897,Sector
Knox,Communication,62,0.9574525670516851,Sector
Knox,Trade,54,0.5058011869189298,Sector
Knox,Business_Services,72,0.7432939301390706,Sector
Knox,Business_Products,37,0.17237756699651519,Sector
Knox,Construction,18,0.36181824609852087,Sector
Knox,Services,11,0.8174695700316067,Sector
Knox,Mining,74,0.15713060129228995,Sector
Knox,Health_Care,79,0.7637186971510707,Sector
Knox,EnergyExpL_Prod,34,0.04243953554928215,Sector
Knox,Utilities,59,0.1274509751435453,Sector
