parent,child,Count,Growth_Rate,Type
,Leon,857,0.5130460819950089,Overall
Leon,HiTech,70,0.09168459434059151,Sector
Leon,Agriculture,12,0.40190293112283715,Sector
Leon,Transportation,23,0.413818158687865,Sector
Leon,Consumer_Products,91,0.644538259571052,Sector
Leon,Unassigned,66,0.20571194592755482,Sector
Leon,Communication,11,0.8018193353560124,Sector
Leon,Trade,83,0.5064535840745404,Sector
Leon,Business_Services,88,0.8335234614291988,Sector
Leon,Business_Products,72,0.6891974904653988,Sector
Leon,Construction,88,0.8912834531950603,Sector
Leon,Services,99,0.5870707828319595,Sector
Leon,Mining,50,0.12247556331597087,Sector
Leon,Health_Care,15,0.059532593628177644,Sector
Leon,EnergyExpL_Prod,70,0.4685762106409209,Sector
Leon,Utilities,19,0.9781028653379917,Sector
