parent,child,Count,Growth_Rate,Type
,Lynn,743,0.606962560189985,Overall
Lynn,HiTech,14,0.9106159616071495,Sector
Lynn,Agriculture,33,0.8491198325735612,Sector
Lynn,Transportation,22,0.7773438184654011,Sector
Lynn,Consumer_Products,48,0.9872400906187107,Sector
Lynn,Unassigned,46,0.45116030426703935,Sector
Lynn,Communication,68,0.7761300166114974,Sector
Lynn,Trade,87,0.45694600662193674,Sector
Lynn,Business_Services,55,0.8634921268561374,Sector
Lynn,Business_Products,11,0.15620908519268584,Sector
Lynn,Construction,78,0.7771031969577179,Sector
Lynn,Services,28,0.06508749921753776,Sector
Lynn,Mining,52,0.5415395833915161,Sector
Lynn,Health_Care,41,0.5797952834657939,Sector
Lynn,EnergyExpL_Prod,97,0.35358723842006745,Sector
Lynn,Utilities,63,0.5590683585830246,Sector
