parent,child,Count,Growth_Rate,Type
,Mason,894,0.4061464313217705,Overall
Mason,HiTech,3,0.6619281870319755,Sector
Mason,Agriculture,96,0.05685596625074352,Sector
Mason,Transportation,88,0.39721414786191434,Sector
Mason,Consumer_Products,55,0.9705142174221537,Sector
Mason,Unassigned,21,0.25104714640351034,Sector
Mason,Communication,76,0.25733844720926513,Sector
Mason,Trade,69,0.11672422672000815,Sector
Mason,Business_Services,63,0.3447847236931374,Sector
Mason,Business_Products,71,0.82591185397913,Sector
Mason,Construction,81,0.3842063911812682,Sector
Mason,Services,80,0.005279654064874406,Sector
Mason,Mining,79,0.6103181133801038,Sector
Mason,Health_Care,39,0.09575828833568367,Sector
Mason,EnergyExpL_Prod,16,0.630416314319248,Sector
Mason,Utilities,57,0.48389879197354124,Sector
