parent,child,Count,Growth_Rate,Type
,Mills,791,0.5366762265963291,Overall
Mills,HiTech,67,0.6107724916129684,Sector
Mills,Agriculture,38,0.9240762164206601,Sector
Mills,Transportation,45,0.3088623151194385,Sector
Mills,Consumer_Products,76,0.7934416036771512,Sector
Mills,Unassigned,64,0.5609197014283236,Sector
Mills,Communication,85,0.6799862192029347,Sector
Mills,Trade,15,0.43210933371623594,Sector
Mills,Business_Services,21,0.6817579587132608,Sector
Mills,Business_Products,31,0.19486647811704327,Sector
Mills,Construction,52,0.36954612318012947,Sector
Mills,Services,24,0.7677677878037865,Sector
Mills,Mining,29,0.5811397838560443,Sector
Mills,Health_Care,87,0.00617420399135804,Sector
Mills,EnergyExpL_Prod,90,0.7910022862349166,Sector
Mills,Utilities,67,0.3477208958706841,Sector
