parent,child,Count,Growth_Rate,Type
,Moore,698,0.45071016403782244,Overall
Moore,HiTech,31,0.2676825054126901,Sector
Moore,Agriculture,72,0.2143609009101034,Sector
Moore,Transportation,45,0.9427903673533989,Sector
Moore,Consumer_Products,16,0.972397183874789,Sector
Moore,Unassigned,53,0.09758450301072341,Sector
Moore,Communication,79,0.6942864819449737,Sector
Moore,Trade,70,0.29738081951054196,Sector
Moore,Business_Services,67,0.40498674275384894,Sector
Moore,Business_Products,47,0.06147945404206223,Sector
Moore,Construction,8,0.041673871644414495,Sector
Moore,Services,70,0.07290613476877605,Sector
Moore,Mining,42,0.7056134727478915,Sector
Moore,Health_Care,4,0.48131947061718006,Sector
Moore,EnergyExpL_Prod,64,0.6053567180123672,Sector
Moore,Utilities,30,0.9008338339635743,Sector
