parent,child,Count,Growth_Rate,Type
,Polk,713,0.40147037487883064,Overall
Polk,HiTech,37,0.06621342627251403,Sector
Polk,Agriculture,89,0.008583020722131351,Sector
Polk,Transportation,61,0.17063534035901895,Sector
Polk,Consumer_Products,5,0.31490298681695106,Sector
Polk,Unassigned,8,0.958231677338794,Sector
Polk,Communication,27,0.6473577830628305,Sector
Polk,Trade,81,0.29060262304599027,Sector
Polk,Business_Services,78,0.24384203147689154,Sector
Polk,Business_Products,59,0.9504265414215934,Sector
Polk,Construction,60,0.013717798077274135,Sector
Polk,Services,20,0.07770600551214657,Sector
Polk,Mining,81,0.44955245091086204,Sector
Polk,Health_Care,46,0.44228279298523665,Sector
Polk,EnergyExpL_Prod,17,0.6508022160619442,Sector
Polk,Utilities,44,0.7371989291182812,Sector
