parent,child,Count,Growth_Rate,Type
,Real,748,0.3438845681057432,Overall
Real,HiTech,36,0.03758341713419533,Sector
Real,Agriculture,48,0.00819399064314208,Sector
Real,Transportation,74,0.29503865369227766,Sector
Real,Consumer_Products,49,0.33396187716131776,Sector
Real,Unassigned,40,0.4496781353172844,Sector
Real,Communication,31,0.864011927047693,Sector
Real,Trade,42,0.9012688734760703,Sector
Real,Business_Services,59,0.06925793867696806,Sector
Real,Business_Products,73,0.5510292986877184,Sector
Real,Construction,33,0.21605886192054102,Sector
Real,Services,64,0.10486557992588974,Sector
Real,Mining,77,0.8061658174101678,Sector
Real,Health_Care,40,0.283428445246211,Sector
Real,EnergyExpL_Prod,13,0.2012950108077438,Sector
Real,Utilities,69,0.03643069443892688,Sector
