parent,child,Count,Growth_Rate,Type
,Rusk,928,0.5430225292928058,Overall
Rusk,HiTech,51,0.3182725956284215,Sector
Rusk,Agriculture,93,0.7108192400658196,Sector
Rusk,Transportation,88,0.5001644798957088,Sector
Rusk,Consumer_Products,75,0.9137336096371961,Sector
Rusk,Unassigned,38,0.3708864012622738,Sector
Rusk,Communication,45,0.9290628920571931,Sector
Rusk,Trade,93,0.7150848924828697,Sector
Rusk,Business_Services,86,0.05753801671047565,Sector
Rusk,Business_Products,56,0.48947627110197844,Sector
Rusk,Construction,20,0.5416324701865852,Sector
Rusk,Services,5,0.5670968261184254,Sector
Rusk,Mining,82,0.7943103554396242,Sector
Rusk,Health_Care,31,0.06397458623737917,Sector
Rusk,EnergyExpL_Prod,83,0.8223643536245584,Sector
Rusk,Utilities,82,0.3509209489435785,Sector
