parent,child,Count,Growth_Rate,Type
,Titus,789,0.26508259373463816,Overall
Titus,HiTech,72,0.03779440194759087,Sector
Titus,Agriculture,6,0.010907409869170936,Sector
Titus,Transportation,19,0.3847616376926781,Sector
Titus,Consumer_Products,96,0.22119520928139147,Sector
Titus,Unassigned,89,0.3086602387348609,Sector
Titus,Communication,61,0.0449032361532572,Sector
Titus,Trade,61,0.34993120168710856,Sector
Titus,Business_Services,64,0.22122928081848692,Sector
Titus,Business_Products,36,0.30848967869929345,Sector
Titus,Construction,35,0.658767527806578,Sector
Titus,Services,86,0.3153848026247016,Sector
Titus,Mining,62,0.40361656821998493,Sector
Titus,Health_Care,29,0.4174080110047038,Sector
Titus,EnergyExpL_Prod,49,0.10164645517822113,Sector
Titus,Utilities,24,0.19154324630154496,Sector
