parent,child,Count,Growth_Rate,Type
,Ward,845,0.4717809784620134,Overall
Ward,HiTech,66,0.6056572530512584,Sector
Ward,Agriculture,20,0.3856198565636221,Sector
Ward,Transportation,77,0.7617390426367615,Sector
Ward,Consumer_Products,22,0.3082350815920528,Sector
Ward,Unassigned,82,0.03420886024125591,Sector
Ward,Communication,81,0.9655744764033878,Sector
Ward,Trade,54,0.16228879755037362,Sector
Ward,Business_Services,85,0.5464525306154093,Sector
Ward,Business_Products,27,0.5364362908341515,Sector
Ward,Construction,96,0.6704814703515751,Sector
Ward,Services,46,0.8267193381890694,Sector
Ward,Mining,34,0.368728592838773,Sector
Ward,Health_Care,24,0.21638472007073717,Sector
Ward,EnergyExpL_Prod,63,0.10770004460908611,Sector
Ward,Utilities,68,0.5804883213826876,Sector
