parent,child,Count,Growth_Rate,Type
,Webb,793,0.7134301530802848,Overall
Webb,HiTech,19,0.5109248685821924,Sector
Webb,Agriculture,55,0.761129719505846,Sector
Webb,Transportation,90,0.836440818474742,Sector
Webb,Consumer_Products,21,0.9170327300159586,Sector
Webb,Unassigned,21,0.6908114105991113,Sector
Webb,Communication,46,0.873804543684531,Sector
Webb,Trade,92,0.4774210799162826,Sector
Webb,Business_Services,25,0.8246494430904939,Sector
Webb,Business_Products,35,0.8523394655465896,Sector
Webb,Construction,10,0.8326759067357177,Sector
Webb,Services,54,0.16049158603460412,Sector
Webb,Mining,98,0.34162135502952484,Sector
Webb,Health_Care,90,0.9397830264228709,Sector
Webb,EnergyExpL_Prod,44,0.7988500961278026,Sector
Webb,Utilities,93,0.8834762464380038,Sector
