parent,child,Count,Growth_Rate,Type
,Wise,948,0.39057822711612106,Overall
Wise,HiTech,58,0.6425955300877464,Sector
Wise,Agriculture,37,0.024117087471115073,Sector
Wise,Transportation,36,0.25523118510496956,Sector
Wise,Consumer_Products,75,0.3650599264740425,Sector
Wise,Unassigned,80,0.1818621638332203,Sector
Wise,Communication,72,0.6380488734832945,Sector
Wise,Trade,54,0.005477606531067325,Sector
Wise,Business_Services,91,0.18949960393205012,Sector
Wise,Business_Products,74,0.2975707401927433,Sector
Wise,Construction,99,0.34152688692232935,Sector
Wise,Services,37,0.6085266052704268,Sector
Wise,Mining,37,0.3729609411273235,Sector
Wise,Health_Care,95,0.9009471392470151,Sector
Wise,EnergyExpL_Prod,5,0.9749969719003166,Sector
Wise,Utilities,98,0.06025214516415467,Sector
