parent,child,Count,Growth_Rate,Type
,Wood,705,0.4165356903914429,Overall
Wood,HiTech,59,0.9734093899497636,Sector
Wood,Agriculture,89,0.09366150360301229,Sector
Wood,Transportation,44,0.04744243071393239,Sector
Wood,Consumer_Products,78,0.4662378987190171,Sector
Wood,Unassigned,37,0.5606181727762983,Sector
Wood,Communication,67,0.4516818146084176,Sector
Wood,Trade,31,0.8952044348813243,Sector
Wood,Business_Services,51,0.7261047147637316,Sector
Wood,Business_Products,49,0.1085699745390879,Sector
Wood,Construction,23,0.054022814276216025,Sector
Wood,Services,26,0.4697193812521191,Sector
Wood,Mining,35,0.6550461754340847,Sector
Wood,Health_Care,69,0.15581847610879063,Sector
Wood,EnergyExpL_Prod,20,0.5336460587508531,Sector
Wood,Utilities,27,0.056852115494993805,Sector
