parent,child,Count,Growth_Rate,Type
,Iron,842,0.5044743924294596,Overall
Iron,HiTech,40,0.3744156791762321,Sector
Iron,Agriculture,63,0.7445534812669925,Sector
Iron,Transportation,62,0.1653883084170229,Sector
Iron,Consumer_Products,36,0.28568469049966505,Sector
Iron,Unassigned,40,0.590830927256731,Sector
Iron,Communication,80,0.24626851258883253,Sector
Iron,Trade,35,0.8481648074554374,Sector
Iron,Business_Services,33,0.6820354210593375,Sector
Iron,Business_Products,97,0.320715708508981,Sector
Iron,Construction,93,0.3498469098051905,Sector
Iron,Services,51,0.5017420706770226,Sector
Iron,Mining,27,0.8659718944436506,Sector
Iron,Health_Care,50,0.6050473699682402,Sector
Iron,EnergyExpL_Prod,47,0.2663607202772883,Sector
Iron,Utilities,88,0.7200893850412688,Sector
