parent,child,Count,Growth_Rate,Type
,Kane,625,0.5014446834916461,Overall
Kane,HiTech,36,0.1087023281485624,Sector
Kane,Agriculture,48,0.8047844365577648,Sector
Kane,Transportation,52,0.9002386476115273,Sector
Kane,Consumer_Products,54,0.0902417387181883,Sector
Kane,Unassigned,16,0.6652865356601323,Sector
Kane,Communication,40,0.6327501264986473,Sector
Kane,Trade,60,0.46265279192075914,Sector
Kane,Business_Services,31,0.15042534901825133,Sector
Kane,Business_Products,17,0.6233298575758631,Sector
Kane,Construction,28,0.5733072366588763,Sector
Kane,Services,84,0.9639742699623703,Sector
Kane,Mining,37,0.32613570931289126,Sector
Kane,Health_Care,91,0.03822821996075587,Sector
Kane,EnergyExpL_Prod,0,0.4445913262165966,Sector
Kane,Utilities,31,0.7370216785535058,Sector
