parent,child,Count,Growth_Rate,Type
,Juab,732,0.5649645600314381,Overall
Juab,HiTech,33,0.3382951707186257,Sector
Juab,Agriculture,38,0.3157709962520364,Sector
Juab,Transportation,28,0.33824409883049567,Sector
Juab,Consumer_Products,60,0.8992857074321732,Sector
Juab,Unassigned,58,0.6182451524343429,Sector
Juab,Communication,42,0.9640595569807032,Sector
Juab,Trade,58,0.4344099164130406,Sector
Juab,Business_Services,88,0.3237847691890856,Sector
Juab,Business_Products,95,0.8623102314586204,Sector
Juab,Construction,11,0.9729786544843736,Sector
Juab,Services,82,0.7320511100528297,Sector
Juab,Mining,35,0.2709020975747164,Sector
Juab,Health_Care,16,0.4788239844173723,Sector
Juab,EnergyExpL_Prod,26,0.3076449388901654,Sector
Juab,Utilities,62,0.6176620153429916,Sector
