parent,child,Count,Growth_Rate,Type
,Floyd,876,0.5112158913752346,Overall
Floyd,HiTech,97,0.9487865186944344,Sector
Floyd,Agriculture,76,0.46618695384077913,Sector
Floyd,Transportation,69,0.5047627978813032,Sector
Floyd,Consumer_Products,94,0.5440836571297243,Sector
Floyd,Unassigned,59,0.12150081390520306,Sector
Floyd,Communication,81,0.3927750248821097,Sector
Floyd,Trade,75,0.42586455909168597,Sector
Floyd,Business_Services,39,0.8384071306787129,Sector
Floyd,Business_Products,24,0.9630952167966743,Sector
Floyd,Construction,44,0.5260335608704958,Sector
Floyd,Services,8,0.012047161404381224,Sector
Floyd,Mining,8,0.6255234418077955,Sector
Floyd,Health_Care,57,0.7414391450101441,Sector
Floyd,EnergyExpL_Prod,91,0.13403445615919918,Sector
Floyd,Utilities,54,0.4236979324758775,Sector
