parent,child,Count,Growth_Rate,Type
,Henry,801,0.44925994989702084,Overall
Henry,HiTech,23,0.8710309218735987,Sector
Henry,Agriculture,62,0.1613711310212439,Sector
Henry,Transportation,56,0.4153586137127857,Sector
Henry,Consumer_Products,6,0.8367840327410336,Sector
Henry,Unassigned,97,0.20934868395781447,Sector
Henry,Communication,68,0.016288523683456013,Sector
Henry,Trade,13,0.31895177835373845,Sector
Henry,Business_Services,53,0.10716661774504743,Sector
Henry,Business_Products,73,0.6613338302937408,Sector
Henry,Construction,22,0.9130139753498044,Sector
Henry,Services,73,0.2995053050387262,Sector
Henry,Mining,87,0.5000402161416678,Sector
Henry,Health_Care,13,0.05680869943125866,Sector
Henry,EnergyExpL_Prod,89,0.8378520900634272,Sector
Henry,Utilities,66,0.5340448290479688,Sector
