parent,child,Count,Growth_Rate,Type
,Lee,707,0.5228887634530361,Overall
Lee,HiTech,8,0.5614871040515282,Sector
Lee,Agriculture,12,0.5729747474399904,Sector
Lee,Transportation,35,0.046991190567784225,Sector
Lee,Consumer_Products,63,0.07409393101802886,Sector
Lee,Unassigned,89,0.8170852653794679,Sector
Lee,Communication,84,0.7536571721373259,Sector
Lee,Trade,78,0.7366845600495442,Sector
Lee,Business_Services,25,0.026962173701213454,Sector
Lee,Business_Products,46,0.8500014158467508,Sector
Lee,Construction,62,0.19439890917530822,Sector
Lee,Services,53,0.53144135850867,Sector
Lee,Mining,8,0.9043716943700563,Sector
Lee,Health_Care,1,0.08892795308431489,Sector
Lee,EnergyExpL_Prod,92,0.8416005895062886,Sector
Lee,Utilities,51,0.8426533869592707,Sector
