parent,child,Count,Growth_Rate,Type
,Page,740,0.5537974620942022,Overall
Page,HiTech,62,0.27435077950899067,Sector
Page,Agriculture,90,0.4844387751758794,Sector
Page,Transportation,31,0.4632002135129122,Sector
Page,Consumer_Products,85,0.5590451720938561,Sector
Page,Unassigned,6,0.09214290632615418,Sector
Page,Communication,43,0.9256788575199424,Sector
Page,Trade,99,0.32762266004904783,Sector
Page,Business_Services,46,0.978912084888924,Sector
Page,Business_Products,13,0.43202405365200514,Sector
Page,Construction,25,0.2831444911655412,Sector
Page,Services,22,0.2704591523087644,Sector
Page,Mining,73,0.5306252901833767,Sector
Page,Health_Care,35,0.8682028392508858,Sector
Page,EnergyExpL_Prod,54,0.9866250431750077,Sector
Page,Utilities,56,0.8304896126017459,Sector
