parent,child,Count,Growth_Rate,Type
,Scott,695,0.3521855913056342,Overall
Scott,HiTech,94,0.17999482145969936,Sector
Scott,Agriculture,17,0.031575806575999676,Sector
Scott,Transportation,36,0.4135113749972641,Sector
Scott,Consumer_Products,35,0.6952370362850007,Sector
Scott,Unassigned,22,0.5627218340118691,Sector
Scott,Communication,35,0.08836955360832965,Sector
Scott,Trade,50,0.9834315305639483,Sector
Scott,Business_Services,41,0.04570248804534949,Sector
Scott,Business_Products,83,0.08944123986414532,Sector
Scott,Construction,19,0.01692753672994407,Sector
Scott,Services,50,0.2099888034451396,Sector
Scott,Mining,13,0.6118581577284383,Sector
Scott,Health_Care,87,0.7370682764914116,Sector
Scott,EnergyExpL_Prod,53,0.3883117802100037,Sector
Scott,Utilities,60,0.22864362956797013,Sector
