parent,child,Count,Growth_Rate,Type
,Wise,757,0.5065721226640343,Overall
Wise,HiTech,88,0.235313833199168,Sector
Wise,Agriculture,88,0.7400157188313078,Sector
Wise,Transportation,44,0.32312486688656517,Sector
Wise,Consumer_Products,57,0.5117863220019736,Sector
Wise,Unassigned,4,0.6544834816287032,Sector
Wise,Communication,69,0.9755835075167252,Sector
Wise,Trade,2,0.24028638639409428,Sector
Wise,Business_Services,86,0.6549204648437065,Sector
Wise,Business_Products,67,0.688822977200848,Sector
Wise,Construction,14,0.08376358563390951,Sector
Wise,Services,67,0.4825067729495316,Sector
Wise,Mining,57,0.26675712828339404,Sector
Wise,Health_Care,57,0.6616059073138059,Sector
Wise,EnergyExpL_Prod,13,0.4758478428911789,Sector
Wise,Utilities,44,0.6037630443856021,Sector
