parent,child,Count,Growth_Rate,Type
,King,771,0.4826127721204296,Overall
King,HiTech,49,0.8658398907842645,Sector
King,Agriculture,99,0.3493583953125843,Sector
King,Transportation,56,0.6061457389400777,Sector
King,Consumer_Products,62,0.423684528519517,Sector
King,Unassigned,93,0.43200361752593963,Sector
King,Communication,67,0.05449339152466759,Sector
King,Trade,65,0.45208474165967805,Sector
King,Business_Services,34,0.8898654289712223,Sector
King,Business_Products,30,0.202243043100231,Sector
King,Construction,49,0.3791191101288557,Sector
King,Services,38,0.3319637298305904,Sector
King,Mining,19,0.1500336498698851,Sector
King,Health_Care,52,0.5473776177920304,Sector
King,EnergyExpL_Prod,3,0.5775635641456383,Sector
King,Utilities,55,0.9774151337012615,Sector
