parent,child,Count,Growth_Rate,Type
,Clay,955,0.5516769551370415,Overall
Clay,HiTech,27,0.691278845924684,Sector
Clay,Agriculture,83,0.8049859545938788,Sector
Clay,Transportation,55,0.3885512688725513,Sector
Clay,Consumer_Products,62,0.5213284720852089,Sector
Clay,Unassigned,75,0.18525585722771043,Sector
Clay,Communication,78,0.5142791275528149,Sector
Clay,Trade,53,0.7323532110588286,Sector
Clay,Business_Services,86,0.46458804337819726,Sector
Clay,Business_Products,86,0.7014309392499707,Sector
Clay,Construction,52,0.9746408156648758,Sector
Clay,Services,13,0.7746188015431482,Sector
Clay,Mining,60,0.8838661438554622,Sector
Clay,Health_Care,73,0.04210858113753635,Sector
Clay,EnergyExpL_Prod,95,0.007595652520447249,Sector
Clay,Utilities,57,0.5882726123903067,Sector
