parent,child,Count,Growth_Rate,Type
,Lewis,718,0.5370309812641448,Overall
Lewis,HiTech,9,0.5442099042598008,Sector
Lewis,Agriculture,89,0.8530891215393517,Sector
Lewis,Transportation,51,0.9771110708142643,Sector
Lewis,Consumer_Products,24,0.5465850779473315,Sector
Lewis,Unassigned,67,0.19180829180504777,Sector
Lewis,Communication,91,0.3689885632830734,Sector
Lewis,Trade,53,0.28362909775474465,Sector
Lewis,Business_Services,38,0.9561576622569599,Sector
Lewis,Business_Products,45,0.050524198106249196,Sector
Lewis,Construction,12,0.49334913638777234,Sector
Lewis,Services,63,0.14785288434826616,Sector
Lewis,Mining,92,0.5023803555925601,Sector
Lewis,Health_Care,16,0.5619327528062454,Sector
Lewis,EnergyExpL_Prod,1,0.9836155238802938,Sector
Lewis,Utilities,67,0.5942310781802101,Sector
