parent,child,Count,Growth_Rate,Type
,Ohio,615,0.3109788943474362,Overall
Ohio,HiTech,79,0.04086285105977139,Sector
Ohio,Agriculture,6,0.1413804878078858,Sector
Ohio,Transportation,72,0.22027232953178144,Sector
Ohio,Consumer_Products,52,0.13370326655498643,Sector
Ohio,Unassigned,62,0.039517249857083825,Sector
Ohio,Communication,8,0.5563233110421971,Sector
Ohio,Trade,19,0.25693518862869524,Sector
Ohio,Business_Services,11,0.1641109773279027,Sector
Ohio,Business_Products,81,0.37589027917332607,Sector
Ohio,Construction,7,0.8778222544073291,Sector
Ohio,Services,72,0.21017062144024612,Sector
Ohio,Mining,4,0.3970919841174677,Sector
Ohio,Health_Care,40,0.2167959273357315,Sector
Ohio,EnergyExpL_Prod,95,0.11332493744693817,Sector
Ohio,Utilities,7,0.9204817494801998,Sector
