parent,child,Count,Growth_Rate,Type
,Wayne,844,0.41451314573418613,Overall
Wayne,HiTech,1,0.17102770807001855,Sector
Wayne,Agriculture,84,0.12805253294347385,Sector
Wayne,Transportation,51,0.010167829385894,Sector
Wayne,Consumer_Products,74,0.7530197458153454,Sector
Wayne,Unassigned,26,0.19678586030471534,Sector
Wayne,Communication,33,0.24191045656143206,Sector
Wayne,Trade,22,0.22873900534408487,Sector
Wayne,Business_Services,91,0.22859193380377907,Sector
Wayne,Business_Products,86,0.94320647522609,Sector
Wayne,Construction,77,0.41711713093399627,Sector
Wayne,Services,71,0.6989723797056401,Sector
Wayne,Mining,88,0.18283051825365448,Sector
Wayne,Health_Care,34,0.5903315732592875,Sector
Wayne,EnergyExpL_Prod,85,0.5315430978613657,Sector
Wayne,Utilities,21,0.8954009385440158,Sector
