parent,child,Count,Growth_Rate,Type
,Wirt,797,0.5092363237664478,Overall
Wirt,HiTech,96,0.26836817862040263,Sector
Wirt,Agriculture,71,0.6130629011494904,Sector
Wirt,Transportation,98,0.3381072808129554,Sector
Wirt,Consumer_Products,85,0.8337202064560192,Sector
Wirt,Unassigned,69,0.09744940010308589,Sector
Wirt,Communication,93,0.6743304602287568,Sector
Wirt,Trade,50,0.6513449457622923,Sector
Wirt,Business_Services,7,0.5472127253501405,Sector
Wirt,Business_Products,40,0.8689746816132996,Sector
Wirt,Construction,40,0.04181604530357774,Sector
Wirt,Services,24,0.7914942077590665,Sector
Wirt,Mining,11,0.3466768716223788,Sector
Wirt,Health_Care,17,0.26774832753322153,Sector
Wirt,EnergyExpL_Prod,71,0.8254673971526995,Sector
Wirt,Utilities,25,0.4727712270293295,Sector
