parent,child,Count,Growth_Rate,Type
,Wood,677,0.501750067330907,Overall
Wood,HiTech,61,0.3911628383978726,Sector
Wood,Agriculture,16,0.646871642528,Sector
Wood,Transportation,29,0.43201466907766595,Sector
Wood,Consumer_Products,37,0.21928657512318517,Sector
Wood,Unassigned,47,0.4400420989623406,Sector
Wood,Communication,95,0.3946261129812647,Sector
Wood,Trade,98,0.2570632409894894,Sector
Wood,Business_Services,14,0.90510703995407,Sector
Wood,Business_Products,52,0.6448862547009384,Sector
Wood,Construction,17,0.46440198518643283,Sector
Wood,Services,14,0.366021336174548,Sector
Wood,Mining,50,0.8085193729255055,Sector
Wood,Health_Care,75,0.7765904775874195,Sector
Wood,EnergyExpL_Prod,40,0.6740884272135255,Sector
Wood,Utilities,32,0.10556893816134871,Sector
