parent,child,Count,Growth_Rate,Type
,Adams,735,0.41746568622716945,Overall
Adams,HiTech,62,0.8333122150170108,Sector
Adams,Agriculture,57,0.17113680949140686,Sector
Adams,Transportation,7,0.7251201524470675,Sector
Adams,Consumer_Products,36,0.31783485204458717,Sector
Adams,Unassigned,17,0.8596942882698922,Sector
Adams,Communication,59,0.07415140876733939,Sector
Adams,Trade,30,0.05235849511832902,Sector
Adams,Business_Services,1,0.4253099325191534,Sector
Adams,Business_Products,94,0.5345500406226453,Sector
Adams,Construction,86,0.09666270374296326,Sector
Adams,Services,44,0.2566390182094205,Sector
Adams,Mining,97,0.09001179292624417,Sector
Adams,Health_Care,42,0.21440034077326942,Sector
Adams,EnergyExpL_Prod,69,0.8382192444385459,Sector
Adams,Utilities,34,0.7725839990196667,Sector
