parent,child,Count,Growth_Rate,Type
,Clark,902,0.4209858107910591,Overall
Clark,HiTech,84,0.43267216420242993,Sector
Clark,Agriculture,87,0.6986425733773829,Sector
Clark,Transportation,36,0.023899519712904382,Sector
Clark,Consumer_Products,65,0.4030538504587331,Sector
Clark,Unassigned,20,0.45128123309653967,Sector
Clark,Communication,60,0.11025923817107164,Sector
Clark,Trade,77,0.6563844261202039,Sector
Clark,Business_Services,53,0.30722548117970994,Sector
Clark,Business_Products,85,0.022235174172221872,Sector
Clark,Construction,34,0.23951046051847957,Sector
Clark,Services,45,0.8532975052647992,Sector
Clark,Mining,90,0.14497331339742803,Sector
Clark,Health_Care,5,0.8805628779569733,Sector
Clark,EnergyExpL_Prod,95,0.47983850885311297,Sector
Clark,Utilities,66,0.6109508353838957,Sector
