parent,child,Count,Growth_Rate,Type
,Dane,726,0.3636988082543189,Overall
Dane,HiTech,51,0.32446517433239686,Sector
Dane,Agriculture,77,0.2817295181647682,Sector
Dane,Transportation,26,0.040907547660041677,Sector
Dane,Consumer_Products,11,0.7643854021292243,Sector
Dane,Unassigned,51,0.12909988827977292,Sector
Dane,Communication,92,0.1305821147356786,Sector
Dane,Trade,26,0.9639483557113002,Sector
Dane,Business_Services,76,0.6754169431062116,Sector
Dane,Business_Products,64,0.39707245354075205,Sector
Dane,Construction,18,0.05306279543493364,Sector
Dane,Services,54,0.47042289646839464,Sector
Dane,Mining,73,0.15028892929996762,Sector
Dane,Health_Care,45,0.31673115850689304,Sector
Dane,EnergyExpL_Prod,34,0.17749559558951522,Sector
Dane,Utilities,28,0.579873350854933,Sector
