parent,child,Count,Growth_Rate,Type
,Door,782,0.4342735846547603,Overall
Door,HiTech,19,0.637028902025858,Sector
Door,Agriculture,18,0.02441190218275313,Sector
Door,Transportation,70,0.9091599425050216,Sector
Door,Consumer_Products,94,0.4314615815330588,Sector
Door,Unassigned,18,0.7439052344012369,Sector
Door,Communication,88,0.04528258695158427,Sector
Door,Trade,94,0.8670295816140999,Sector
Door,Business_Services,2,0.21457419722918436,Sector
Door,Business_Products,5,0.30558543874030486,Sector
Door,Construction,53,0.8348337056048283,Sector
Door,Services,69,0.035079803978679824,Sector
Door,Mining,83,0.4684985022196114,Sector
Door,Health_Care,57,0.301217566485365,Sector
Door,EnergyExpL_Prod,41,0.24195747633998255,Sector
Door,Utilities,71,0.45407734800983535,Sector
