parent,child,Count,Growth_Rate,Type
,Dunn,789,0.600793980675453,Overall
Dunn,HiTech,88,0.9470197558087199,Sector
Dunn,Agriculture,62,0.27279239199410776,Sector
Dunn,Transportation,96,0.13479517460186985,Sector
Dunn,Consumer_Products,75,0.8197687539416753,Sector
Dunn,Unassigned,67,0.06288622230464758,Sector
Dunn,Communication,14,0.5431702086045038,Sector
Dunn,Trade,87,0.6826193069402912,Sector
Dunn,Business_Services,9,0.6432062437276463,Sector
Dunn,Business_Products,69,0.6236226909573601,Sector
Dunn,Construction,45,0.9929809113027322,Sector
Dunn,Services,2,0.9655382667274744,Sector
Dunn,Mining,88,0.34125839420084714,Sector
Dunn,Health_Care,55,0.6791634264466427,Sector
Dunn,EnergyExpL_Prod,31,0.44844203184412434,Sector
Dunn,Utilities,1,0.8546459307291525,Sector
