parent,child,Count,Growth_Rate,Type
,Iowa,763,0.46345259971251535,Overall
Iowa,HiTech,88,0.9850075077894408,Sector
Iowa,Agriculture,54,0.5834136280884649,Sector
Iowa,Transportation,59,0.12498151751840358,Sector
Iowa,Consumer_Products,2,0.57481655440056,Sector
Iowa,Unassigned,81,0.17724274794114125,Sector
Iowa,Communication,53,0.1862368817120008,Sector
Iowa,Trade,98,0.2738125564246702,Sector
Iowa,Business_Services,50,0.7200278311857911,Sector
Iowa,Business_Products,0,0.31648721300420746,Sector
Iowa,Construction,83,0.20716335982642753,Sector
Iowa,Services,80,0.48860793027452576,Sector
Iowa,Mining,37,0.7078728059917462,Sector
Iowa,Health_Care,23,0.6438087307513064,Sector
Iowa,EnergyExpL_Prod,17,0.2875723678369039,Sector
Iowa,Utilities,38,0.6747373629421403,Sector
