parent,child,Count,Growth_Rate,Type
,Green,1047,0.5815162328932331,Overall
Green,HiTech,72,0.9381961876306903,Sector
Green,Agriculture,84,0.9560709522781119,Sector
Green,Transportation,89,0.8791852885669952,Sector
Green,Consumer_Products,78,0.6336472110191218,Sector
Green,Unassigned,90,0.35654012385514955,Sector
Green,Communication,54,0.3480022946316931,Sector
Green,Trade,31,0.17905877346443877,Sector
Green,Business_Services,1,0.24954802278588462,Sector
Green,Business_Products,64,0.45004284912987436,Sector
Green,Construction,95,0.6167903492689583,Sector
Green,Services,95,0.2846933539352754,Sector
Green,Mining,77,0.8181247596188204,Sector
Green,Health_Care,77,0.9213961653069637,Sector
Green,EnergyExpL_Prod,51,0.6753694291493496,Sector
Green,Utilities,89,0.41607773275717086,Sector
