parent,child,Count,Growth_Rate,Type
,Iron,518,0.4778032013530022,Overall
Iron,HiTech,48,0.18077174737154278,Sector
Iron,Agriculture,25,0.09537882049705626,Sector
Iron,Transportation,9,0.1889429311183931,Sector
Iron,Consumer_Products,18,0.28668715777555365,Sector
Iron,Unassigned,30,0.32467204350787127,Sector
Iron,Communication,30,0.6250508562211892,Sector
Iron,Trade,50,0.5148096027268392,Sector
Iron,Business_Services,42,0.41940710580133256,Sector
Iron,Business_Products,1,0.4064824363869004,Sector
Iron,Construction,77,0.9814813483170561,Sector
Iron,Services,15,0.9579624337333221,Sector
Iron,Mining,51,0.5198525525746948,Sector
Iron,Health_Care,18,0.40458070088808484,Sector
Iron,EnergyExpL_Prod,15,0.8791474389666887,Sector
Iron,Utilities,89,0.38182084440850883,Sector
