parent,child,Count,Growth_Rate,Type
,Polk,818,0.43004512133493855,Overall
Polk,HiTech,99,0.25580971222387316,Sector
Polk,Agriculture,54,0.11738218121603816,Sector
Polk,Transportation,76,0.004172220121375636,Sector
Polk,Consumer_Products,96,0.632447354380515,Sector
Polk,Unassigned,63,0.5248225079856155,Sector
Polk,Communication,6,0.06197159884837611,Sector
Polk,Trade,3,0.7269990627316334,Sector
Polk,Business_Services,69,0.7570687039054285,Sector
Polk,Business_Products,82,0.6283608414431928,Sector
Polk,Construction,31,0.23195425565242478,Sector
Polk,Services,43,0.9376241806109612,Sector
Polk,Mining,96,0.26091797979037756,Sector
Polk,Health_Care,12,0.1689429187149062,Sector
Polk,EnergyExpL_Prod,55,0.6129149463076052,Sector
Polk,Utilities,33,0.5292883560917541,Sector
