parent,child,Count,Growth_Rate,Type
,Rock,798,0.6975782301353656,Overall
Rock,HiTech,50,0.8651878549423897,Sector
Rock,Agriculture,83,0.9646004739354801,Sector
Rock,Transportation,82,0.7066889668796108,Sector
Rock,Consumer_Products,47,0.07146107555715298,Sector
Rock,Unassigned,30,0.4659425442586205,Sector
Rock,Communication,3,0.9503951197669992,Sector
Rock,Trade,62,0.8535978573746368,Sector
Rock,Business_Services,55,0.7002195067225486,Sector
Rock,Business_Products,35,0.7497582043936475,Sector
Rock,Construction,87,0.33557368093617046,Sector
Rock,Services,4,0.8387832209247542,Sector
Rock,Mining,88,0.8795127291623085,Sector
Rock,Health_Care,88,0.7678264243476222,Sector
Rock,EnergyExpL_Prod,9,0.547525590034113,Sector
Rock,Utilities,75,0.7666002027944299,Sector
