parent,child,Count,Growth_Rate,Type
,Sauk,731,0.5098486946165932,Overall
Sauk,HiTech,98,0.9342230507221961,Sector
Sauk,Agriculture,13,0.4477496211564399,Sector
Sauk,Transportation,5,0.5520307332170292,Sector
Sauk,Consumer_Products,8,0.3477521042693793,Sector
Sauk,Unassigned,95,0.6394526760497717,Sector
Sauk,Communication,81,0.26688247752812466,Sector
Sauk,Trade,40,0.6831822397844315,Sector
Sauk,Business_Services,13,0.35886271180767126,Sector
Sauk,Business_Products,20,0.6603476976479263,Sector
Sauk,Construction,32,0.8862485476686123,Sector
Sauk,Services,82,0.5747035913960542,Sector
Sauk,Mining,67,0.3800214423370021,Sector
Sauk,Health_Care,39,0.22203735899053634,Sector
Sauk,EnergyExpL_Prod,94,0.374687309110759,Sector
Sauk,Utilities,44,0.3195488575629649,Sector
