parent,child,Count,Growth_Rate,Type
,Teton,729,0.38594900193161835,Overall
Teton,HiTech,29,0.10238606439347886,Sector
Teton,Agriculture,75,0.12275935910782931,Sector
Teton,Transportation,50,0.8129197824901192,Sector
Teton,Consumer_Products,67,0.43037700908810883,Sector
Teton,Unassigned,7,0.28542381836459474,Sector
Teton,Communication,94,0.0844029644257478,Sector
Teton,Trade,89,0.9521024671355711,Sector
Teton,Business_Services,42,0.16971687244098765,Sector
Teton,Business_Products,33,0.6259578277399855,Sector
Teton,Construction,50,0.05158774170262481,Sector
Teton,Services,23,0.011700251858606125,Sector
Teton,Mining,24,0.25492503012969037,Sector
Teton,Health_Care,14,0.13195300332634208,Sector
Teton,EnergyExpL_Prod,70,0.8923172653824686,Sector
Teton,Utilities,62,0.8607055713881198,Sector
