parent,child,Count,Growth_Rate,Type
,Uinta,747,0.47352019673590573,Overall
Uinta,HiTech,49,0.5029247284168005,Sector
Uinta,Agriculture,65,0.9558159782426372,Sector
Uinta,Transportation,32,0.23984438714717315,Sector
Uinta,Consumer_Products,27,0.9041142130304237,Sector
Uinta,Unassigned,80,0.16609351387963056,Sector
Uinta,Communication,55,0.9136766248184657,Sector
Uinta,Trade,61,0.14155486323627697,Sector
Uinta,Business_Services,5,0.3444191307115416,Sector
Uinta,Business_Products,45,0.49322576507122506,Sector
Uinta,Construction,93,0.8339140865925572,Sector
Uinta,Services,19,0.5269379901083381,Sector
Uinta,Mining,53,0.042128955773033105,Sector
Uinta,Health_Care,47,0.40050864659430574,Sector
Uinta,EnergyExpL_Prod,17,0.5703744916512188,Sector
Uinta,Utilities,99,0.0672695757649594,Sector
