parent,child,Count,Growth_Rate,Type
,Ceiba,704,0.4181088678107245,Overall
Ceiba,HiTech,16,0.276202259220508,Sector
Ceiba,Agriculture,92,0.4429326416115634,Sector
Ceiba,Transportation,15,0.12100381609650701,Sector
Ceiba,Consumer_Products,55,0.7957565203817402,Sector
Ceiba,Unassigned,10,0.18168941072747868,Sector
Ceiba,Communication,20,0.38198186799989975,Sector
Ceiba,Trade,81,0.9086190585277139,Sector
Ceiba,Business_Services,24,0.15590987118195032,Sector
Ceiba,Business_Products,89,0.37836851384176406,Sector
Ceiba,Construction,0,0.39163273448938163,Sector
Ceiba,Services,25,0.2661520751307531,Sector
Ceiba,Mining,59,0.6879778822386817,Sector
Ceiba,Health_Care,55,0.795974141339372,Sector
Ceiba,EnergyExpL_Prod,98,0.17088795864386552,Sector
Ceiba,Utilities,65,0.3165442657296872,Sector
