parent,child,Count,Growth_Rate,Type
,Cayey,777,0.365197786112332,Overall
Cayey,HiTech,91,0.5630909052180297,Sector
Cayey,Agriculture,62,0.41599628658732135,Sector
Cayey,Transportation,14,0.2550426837539371,Sector
Cayey,Consumer_Products,30,0.1204663039583388,Sector
Cayey,Unassigned,88,0.1590792209183155,Sector
Cayey,Communication,25,0.5770329246651762,Sector
Cayey,Trade,28,0.4833990290468869,Sector
Cayey,Business_Services,61,0.22527347908517192,Sector
Cayey,Business_Products,80,0.08275506115348619,Sector
Cayey,Construction,27,0.5277809014589528,Sector
Cayey,Services,32,0.8302706476950543,Sector
Cayey,Mining,66,0.04639518759337036,Sector
Cayey,Health_Care,48,0.7009702995125284,Sector
Cayey,EnergyExpL_Prod,31,0.3094965450864293,Sector
Cayey,Utilities,94,0.18091731595198135,Sector
