parent,child,Count,Growth_Rate,Type
,Coamo,827,0.43027847095655986,Overall
Coamo,HiTech,96,0.03322623237262157,Sector
Coamo,Agriculture,82,0.9671408541922237,Sector
Coamo,Transportation,61,0.7584409838594193,Sector
Coamo,Consumer_Products,4,0.3161293986610969,Sector
Coamo,Unassigned,75,0.4428604833289327,Sector
Coamo,Communication,96,0.17314892251718272,Sector
Coamo,Trade,46,0.45377119240387487,Sector
Coamo,Business_Services,38,0.8495431710973731,Sector
Coamo,Business_Products,70,0.1204986080336864,Sector
Coamo,Construction,50,0.5680016793447283,Sector
Coamo,Services,21,0.28123640905394653,Sector
Coamo,Mining,84,0.13987121515655687,Sector
Coamo,Health_Care,93,0.8485029524992767,Sector
Coamo,EnergyExpL_Prod,11,0.46888021523384105,Sector
Coamo,Utilities,0,0.032924746593637866,Sector
