parent,child,Count,Growth_Rate,Type
,Lajas,684,0.3725887351366615,Overall
Lajas,HiTech,3,0.08866244275641966,Sector
Lajas,Agriculture,31,0.9912655659513033,Sector
Lajas,Transportation,75,0.09867089663077178,Sector
Lajas,Consumer_Products,78,0.18228235476277066,Sector
Lajas,Unassigned,93,0.23665613606955194,Sector
Lajas,Communication,66,0.7590794706789175,Sector
Lajas,Trade,43,0.11883165515599636,Sector
Lajas,Business_Services,93,0.2546937329217491,Sector
Lajas,Business_Products,78,0.3958779836730062,Sector
Lajas,Construction,16,0.49099128279453774,Sector
Lajas,Services,7,0.9720499551607069,Sector
Lajas,Mining,18,0.18366700355502574,Sector
Lajas,Health_Care,10,0.07927460391687502,Sector
Lajas,EnergyExpL_Prod,28,0.6178889897812387,Sector
Lajas,Utilities,45,0.11893895324105319,Sector
