parent,child,Count,Growth_Rate,Type
,Lares,779,0.566114535688704,Overall
Lares,HiTech,45,0.8890316405036955,Sector
Lares,Agriculture,92,0.23024775926685814,Sector
Lares,Transportation,16,0.2617384606712614,Sector
Lares,Consumer_Products,29,0.13059083808281136,Sector
Lares,Unassigned,11,0.22465241564214522,Sector
Lares,Communication,26,0.6097914105214248,Sector
Lares,Trade,91,0.32991362023971305,Sector
Lares,Business_Services,18,0.8040334085653575,Sector
Lares,Business_Products,92,0.24961335337121504,Sector
Lares,Construction,46,0.9799395965788764,Sector
Lares,Services,15,0.9579214430208847,Sector
Lares,Mining,87,0.9326183542688657,Sector
Lares,Health_Care,42,0.7050973235597396,Sector
Lares,EnergyExpL_Prod,77,0.9992743780193336,Sector
Lares,Utilities,92,0.18725403301837673,Sector
