parent,child,Count,Growth_Rate,Type
,Moca,700,0.41415603940717033,Overall
Moca,HiTech,17,0.8441934877496139,Sector
Moca,Agriculture,83,0.11268462793569345,Sector
Moca,Transportation,17,0.16898318514742516,Sector
Moca,Consumer_Products,80,0.1841059244437947,Sector
Moca,Unassigned,82,0.3448760261262903,Sector
Moca,Communication,86,0.6031727209996176,Sector
Moca,Trade,87,0.08911189449786572,Sector
Moca,Business_Services,86,0.6518727170786448,Sector
Moca,Business_Products,58,0.08893207079588106,Sector
Moca,Construction,7,0.6254926748383615,Sector
Moca,Services,15,0.10064055265080496,Sector
Moca,Mining,1,0.7777447556242022,Sector
Moca,Health_Care,39,0.8640282349391262,Sector
Moca,EnergyExpL_Prod,11,0.582012067736947,Sector
Moca,Utilities,31,0.17448965054328625,Sector
