parent,child,Count,Growth_Rate,Type
,Ceuta,993,0.4972791272658338,Overall
Ceuta,HiTech,84,0.52089491502476,Sector
Ceuta,Agriculture,96,0.45417150433055875,Sector
Ceuta,Transportation,90,0.5578331567920384,Sector
Ceuta,Consumer_Products,51,0.35580393787506104,Sector
Ceuta,Unassigned,65,0.11134337679923811,Sector
Ceuta,Communication,32,0.9210642822218376,Sector
Ceuta,Trade,89,0.9798941618660341,Sector
Ceuta,Business_Services,91,0.311660298091194,Sector
Ceuta,Business_Products,40,0.17696935741161102,Sector
Ceuta,Construction,89,0.38270075178157525,Sector
Ceuta,Services,46,0.28568324568464787,Sector
Ceuta,Mining,40,0.6425976301634958,Sector
Ceuta,Health_Care,98,0.16332432807533592,Sector
Ceuta,EnergyExpL_Prod,10,0.6835503144458875,Sector
Ceuta,Utilities,72,0.9116956484242307,Sector
